pose_id,frame_id,keypoint_id,x,y,z,visibility,presence
8,0,0,-1.985541E-8,0.9790896,0.23763491,true,true
8,0,1,4.9638523E-8,1.0230645,0.20773384,true,true
8,0,2,-2.4819261E-8,1.0227532,0.20773384,true,true
8,0,3,3.4746968E-8,1.0223951,0.20773384,true,true
8,0,4,4.9638523E-8,1.0261034,0.25921765,true,true
8,0,5,1.985541E-8,1.0277187,0.25921765,true,true
8,0,6,0.0,1.0298569,0.25921765,true,true
8,0,7,5.584334E-8,0.99602425,0.1470324,true,true
8,0,8,5.2120452E-8,1.0041409,0.3732015,true,true
8,0,9,2.4819261E-8,0.9244783,0.21987411,true,true
8,0,10,-3.971082E-8,0.926827,0.2855216,true,true
8,0,11,1.4891557E-8,0.71217084,0.034397524,true,true
8,0,12,1.175037E-8,0.6933708,0.5632869,true,true
8,0,13,9.927705E-9,0.30668595,0.0,true,true
8,0,14,1.7993965E-8,0.31531233,0.6407375,true,true
8,0,15,0.0,0.06727435,0.05800362,true,true
8,0,16,-2.4819262E-9,0.0788071,0.54929185,true,true
8,0,17,-4.9638524E-9,0.14155479,0.0026978462,true,true
8,0,18,0.0,0.11599869,0.5476619,true,true
8,0,19,4.9638524E-9,0.13972868,0.010791385,true,true
8,0,20,0.0,0.11908893,0.49315357,true,true
8,0,21,-4.9638524E-9,0.119703315,0.064973034,true,true
8,0,22,-2.4819262E-9,0.10277591,0.52326894,true,true
8,0,23,1.2409631E-9,0.017727034,0.34442446,true,true
8,0,24,0.0,0.017726736,0.6428732,true,true
8,0,25,-1.3650594E-8,0.48840916,0.491982,true,true
8,0,26,-1.4271076E-8,0.44804323,0.78619605,true,true
8,0,27,4.9638523E-8,0.94277793,0.67603415,true,true
8,0,28,-2.7301189E-8,0.88355017,0.9851619,true,true
8,0,29,-1.4891557E-8,1.0245965,0.6868256,true,true
8,0,30,2.9783115E-8,0.96351796,1.0,true,true
8,0,31,-2.9783115E-8,1.0013578,0.5643548,true,true
8,0,32,-1.985541E-8,0.9588202,0.9217626,true,true
8,1,0,2.8509126E-8,0.9913885,0.2450631,true,true
8,1,1,3.8012168E-8,1.0315791,0.21731088,true,true
8,1,2,9.503042E-9,1.0311086,0.21724273,true,true
8,1,3,4.7515208E-8,1.0305275,0.21716791,true,true
8,1,4,-1.9006084E-8,1.0324944,0.26550844,true,true
8,1,5,0.0,1.0327944,0.26549938,true,true
8,1,6,1.9006084E-8,1.0331906,0.26550844,true,true
8,1,7,-7.1272814E-9,0.99732286,0.15266585,true,true
8,1,8,3.3260648E-8,1.0027001,0.36485472,true,true
8,1,9,-2.8509126E-8,0.93065745,0.22559047,true,true
8,1,10,-9.503042E-9,0.93314874,0.28770187,true,true
8,1,11,1.9006084E-8,0.705111,0.044478066,true,true
8,1,12,2.1804098E-8,0.68216056,0.5434488,true,true
8,1,13,1.4254563E-8,0.29304683,0.018272072,true,true
8,1,14,4.751521E-9,0.29833302,0.61637414,true,true
8,1,15,0.0,0.08505849,0.055442914,true,true
8,1,16,-1.1878802E-9,0.07885671,0.5331137,true,true
8,1,17,0.0,0.17585544,0.0,true,true
8,1,18,0.0,0.13824354,0.52739185,true,true
8,1,19,0.0,0.17481256,3.566513E-4,true,true
8,1,20,-4.751521E-9,0.14259349,0.4794771,true,true
8,1,21,0.0,0.14758904,0.059227534,true,true
8,1,22,0.0,0.12175231,0.51005757,true,true
8,1,23,0.0,0.017435608,0.3367845,true,true
8,1,24,0.0,0.017435653,0.6268853,true,true
8,1,25,1.0690922E-8,0.5290185,0.49667493,true,true
8,1,26,1.1878802E-8,0.49287844,0.778939,true,true
8,1,27,-5.226673E-8,0.994792,0.6808791,true,true
8,1,28,4.0387928E-8,0.941612,0.98448354,true,true
8,1,29,-4.7515208E-8,1.0944225,0.69115055,true,true
8,1,30,1.9006084E-8,1.0185523,1.0,true,true
8,1,31,-4.7515208E-8,1.0894741,0.56326056,true,true
8,1,32,2.8509126E-8,1.0302744,0.92533195,true,true
8,2,0,-6.459216E-8,0.9875162,0.22466832,true,true
8,2,1,-4.0370097E-8,1.0310208,0.19692026,true,true
8,2,2,4.8444118E-8,1.0304792,0.19691648,true,true
8,2,3,4.8444118E-8,1.0296311,0.19685513,true,true
8,2,4,4.8444118E-8,1.032613,0.24505661,true,true
8,2,5,4.0370097E-8,1.0334995,0.24505638,true,true
8,2,6,4.8444118E-8,1.0341507,0.24505642,true,true
8,2,7,1.21110295E-8,0.9961873,0.13339798,true,true
8,2,8,-1.614804E-8,1.003858,0.3462462,true,true
8,2,9,4.0370097E-8,0.9242536,0.20578799,true,true
8,2,10,-1.614804E-8,0.9271872,0.2675392,true,true
8,2,11,1.21110295E-8,0.710535,0.030059686,true,true
8,2,12,2.3212806E-8,0.68645734,0.5256024,true,true
8,2,13,-4.03701E-9,0.30265445,0.008668436,true,true
8,2,14,2.018505E-9,0.3054757,0.5999968,true,true
8,2,15,0.0,0.07959997,0.05365906,true,true
8,2,16,-1.0092525E-9,0.07797621,0.5183621,true,true
8,2,17,4.03701E-9,0.16893777,0.0,true,true
8,2,18,4.03701E-9,0.12890056,0.5123686,true,true
8,2,19,0.0,0.16775689,2.254382E-4,true,true
8,2,20,4.03701E-9,0.1361779,0.46360606,true,true
8,2,21,-8.07402E-9,0.14196293,0.05751838,true,true
8,2,22,0.0,0.11435095,0.49456266,true,true
8,2,23,6.3078276E-10,0.017842388,0.32780135,true,true
8,2,24,-1.2615656E-10,0.017842146,0.611346,true,true
8,2,25,-2.4222059E-8,0.518996,0.49746382,true,true
8,2,26,-2.5814785E-8,0.4893314,0.7694158,true,true
8,2,27,-1.614804E-8,0.9650565,0.7024312,true,true
8,2,28,4.03701E-9,0.92321837,0.98310035,true,true
8,2,29,-4.8444118E-8,1.0610743,0.71469975,true,true
8,2,30,3.229608E-8,1.0018294,1.0,true,true
8,2,31,3.229608E-8,1.0566709,0.5831178,true,true
8,2,32,-8.07402E-9,1.0093738,0.92030925,true,true
8,3,0,4.1600728E-8,0.98419315,0.21679167,true,true
8,3,1,2.7733819E-8,1.0247251,0.18959469,true,true
8,3,2,-1.3866909E-8,1.024555,0.18959622,true,true
8,3,3,-1.3866909E-8,1.0244346,0.18959121,true,true
8,3,4,0.0,1.0263044,0.23677617,true,true
8,3,5,-5.5467638E-8,1.0272632,0.23677367,true,true
8,3,6,-5.5467638E-8,1.0284274,0.23677537,true,true
8,3,7,6.9334547E-9,0.99762964,0.12888469,true,true
8,3,8,0.0,1.0024036,0.33780783,true,true
8,3,9,-1.3866909E-8,0.92549616,0.19894703,true,true
8,3,10,1.3866909E-8,0.9278595,0.25961623,true,true
8,3,11,8.6668184E-10,0.71152234,0.030312736,true,true
8,3,12,2.7733819E-8,0.6940975,0.51745296,true,true
8,3,13,-1.0400182E-8,0.29922488,0.006994047,true,true
8,3,14,-3.4667273E-9,0.30465502,0.5886338,true,true
8,3,15,0.0,0.0819054,0.052187026,true,true
8,3,16,0.0,0.07481478,0.51364636,true,true
8,3,17,3.4667273E-9,0.176681,0.0,true,true
8,3,18,0.0,0.1380534,0.5074035,true,true
8,3,19,-6.9334547E-9,0.1725375,7.094193E-4,true,true
8,3,20,6.9334547E-9,0.14321165,0.4592845,true,true
8,3,21,-6.9334547E-9,0.1444975,0.05623555,true,true
8,3,22,-3.4667273E-9,0.117486194,0.49039704,true,true
8,3,23,-8.6668184E-10,0.019599425,0.32983488,true,true
8,3,24,2.1667046E-10,0.019599315,0.6091501,true,true
8,3,25,2.0800364E-8,0.5201379,0.5061757,true,true
8,3,26,2.0800364E-8,0.48724237,0.76998496,true,true
8,3,27,1.3866909E-8,0.950229,0.70791465,true,true
8,3,28,4.8534183E-8,0.9063113,0.9833837,true,true
8,3,29,-2.7733819E-8,1.0522375,0.7197433,true,true
8,3,30,1.3866909E-8,0.9811302,1.0,true,true
8,3,31,4.5067456E-8,1.0499399,0.59552777,true,true
8,3,32,-2.7733819E-8,0.99806845,0.9233778,true,true
8,4,0,0.0,0.97826475,0.19720453,true,true
8,4,1,5.5288336E-8,1.0237784,0.17221677,true,true
8,4,2,0.0,1.0241098,0.17217289,true,true
8,4,3,5.5288336E-8,1.0244292,0.1721279,true,true
8,4,4,2.7644168E-8,1.0247884,0.21651411,true,true
8,4,5,-2.7644168E-8,1.0259002,0.21655956,true,true
8,4,6,0.0,1.0273672,0.21652588,true,true
8,4,7,-5.5288336E-8,0.99753225,0.11541469,true,true
8,4,8,-2.7644168E-8,1.0025003,0.3122262,true,true
8,4,9,2.7644168E-8,0.9176497,0.18041056,true,true
8,4,10,0.0,0.9193404,0.23750848,true,true
8,4,11,1.3822084E-8,0.7102344,0.025285257,true,true
8,4,12,2.7644168E-8,0.6858645,0.47779393,true,true
8,4,13,3.455521E-9,0.2938634,0.0048206635,true,true
8,4,14,-1.3822084E-8,0.29373,0.5507464,true,true
8,4,15,-3.455521E-9,0.09895879,0.05046643,true,true
8,4,16,1.7277605E-9,0.07926243,0.4788994,true,true
8,4,17,1.0366563E-8,0.1884814,0.0,true,true
8,4,18,0.0,0.15145259,0.47308204,true,true
8,4,19,0.0,0.19042769,0.0016060387,true,true
8,4,20,0.0,0.1548218,0.42754638,true,true
8,4,21,0.0,0.16347069,0.05437146,true,true
8,4,22,0.0,0.13063,0.45672488,true,true
8,4,23,8.6388025E-10,0.018614335,0.30993158,true,true
8,4,24,-2.1597006E-10,0.01861432,0.57457817,true,true
8,4,25,-1.3822084E-8,0.48816603,0.50303745,true,true
8,4,26,1.3822084E-8,0.45163393,0.7566496,true,true
8,4,27,5.5288336E-8,0.9143759,0.7145956,true,true
8,4,28,2.7644168E-8,0.854373,0.9807443,true,true
8,4,29,2.7644168E-8,1.0094857,0.7291047,true,true
8,4,30,2.7644168E-8,0.9299571,1.0,true,true
8,4,31,3.455521E-8,1.0216528,0.6165696,true,true
8,4,32,1.3822084E-8,0.9710285,0.9378838,true,true
8,5,0,0.0,0.9684384,0.20524797,true,true
8,5,1,3.3582513E-8,1.0168004,0.1791074,true,true
8,5,2,3.3582513E-8,1.0178798,0.17906693,true,true
8,5,3,6.7165026E-8,1.0186082,0.17890014,true,true
8,5,4,-6.7165026E-8,1.0169412,0.22458614,true,true
8,5,5,3.3582513E-8,1.018237,0.22474685,true,true
8,5,6,0.0,1.0195136,0.22475086,true,true
8,5,7,3.3582513E-8,0.99812883,0.11980424,true,true
8,5,8,3.3582513E-8,1.0019066,0.32184067,true,true
8,5,9,0.0,0.909599,0.18767698,true,true
8,5,10,0.0,0.9102294,0.24622801,true,true
8,5,11,1.6791256E-8,0.72542137,0.024646927,true,true
8,5,12,1.6791256E-8,0.69484663,0.49320313,true,true
8,5,13,-8.395628E-9,0.31781027,0.0051553287,true,true
8,5,14,2.5186885E-8,0.30848998,0.5720353,true,true
8,5,15,2.098907E-9,0.095709145,0.05114358,true,true
8,5,16,-2.098907E-9,0.07834721,0.4975803,true,true
8,5,17,8.395628E-9,0.18842448,0.0,true,true
8,5,18,0.0,0.15636101,0.49224907,true,true
8,5,19,-4.197814E-9,0.19186987,0.002258804,true,true
8,5,20,0.0,0.15945084,0.44574627,true,true
8,5,21,-8.395628E-9,0.16515145,0.055859547,true,true
8,5,22,4.197814E-9,0.13308343,0.47517908,true,true
8,5,23,1.5741803E-9,0.018588211,0.31629732,true,true
8,5,24,0.0,0.018588211,0.5910398,true,true
8,5,25,-1.6791256E-8,0.49845937,0.50621927,true,true
8,5,26,1.6791256E-8,0.4661908,0.7647487,true,true
8,5,27,-3.3582513E-8,0.93726796,0.71330905,true,true
8,5,28,3.3582513E-8,0.8876585,0.98192036,true,true
8,5,29,3.3582513E-8,1.028633,0.7267854,true,true
8,5,30,3.3582513E-8,0.9658707,1.0,true,true
8,5,31,1.6791256E-8,1.0477896,0.6110787,true,true
8,5,32,3.3582513E-8,1.0046811,0.9336101,true,true
8,6,0,-4.0276582E-8,0.96948695,0.22307041,true,true
8,6,1,0.0,1.0166302,0.19651146,true,true
8,6,2,0.0,1.0175341,0.19633274,true,true
8,6,3,-4.0276582E-8,1.0183167,0.19633377,true,true
8,6,4,0.0,1.0168387,0.24383415,true,true
8,6,5,-4.0276582E-8,1.0180358,0.24365287,true,true
8,6,6,0.0,1.0194547,0.24365577,true,true
8,6,7,8.0553164E-8,0.99829966,0.13445973,true,true
8,6,8,0.0,1.0017391,0.34358373,true,true
8,6,9,0.0,0.9127031,0.20438695,true,true
8,6,10,0.0,0.91339743,0.26504812,true,true
8,6,11,-4.0276582E-8,0.72839046,0.031091714,true,true
8,6,12,-2.0138291E-8,0.6956438,0.51706904,true,true
8,6,13,5.0345728E-9,0.3191385,0.00830352,true,true
8,6,14,-1.00691455E-8,0.30434334,0.5911622,true,true
8,6,15,1.2586432E-9,0.09386784,0.052675907,true,true
8,6,16,0.0,0.07685039,0.51031744,true,true
8,6,17,4.2479207E-9,0.18925796,0.0,true,true
8,6,18,1.00691455E-8,0.15945621,0.5046571,true,true
8,6,19,2.5172864E-9,0.19395284,0.0019693272,true,true
8,6,20,0.0,0.16186434,0.45651248,true,true
8,6,21,2.5172864E-9,0.16584043,0.057198633,true,true
8,6,22,5.0345728E-9,0.13546303,0.48682886,true,true
8,6,23,-9.439824E-10,0.017703317,0.31912488,true,true
8,6,24,0.0,0.017703317,0.60600835,true,true
8,6,25,-2.0138291E-8,0.5069933,0.49633825,true,true
8,6,26,-3.020744E-8,0.4750481,0.7690621,true,true
8,6,27,4.0276582E-8,0.94958615,0.6967877,true,true
8,6,28,-2.0138291E-8,0.8970609,0.9830007,true,true
8,6,29,8.0553164E-8,1.0427483,0.7089742,true,true
8,6,30,-1.2082975E-7,0.97122467,1.0,true,true
8,6,31,2.0138291E-8,1.0680531,0.58747303,true,true
8,6,32,-4.0276582E-8,1.0192181,0.93138164,true,true
8,7,0,4.6814833E-8,0.9681987,0.22052495,true,true
8,7,1,4.6814833E-8,1.0158714,0.19343868,true,true
8,7,2,0.0,1.0167704,0.19344012,true,true
8,7,3,4.6814833E-8,1.0176052,0.19344243,true,true
8,7,4,4.6814833E-8,1.0158234,0.24071874,true,true
8,7,5,0.0,1.0169811,0.24086602,true,true
8,7,6,-4.6814833E-8,1.0182126,0.2408185,true,true
8,7,7,4.6814833E-8,0.9984412,0.13131349,true,true
8,7,8,4.6814833E-8,1.0016171,0.34081706,true,true
8,7,9,2.3407416E-8,0.91339165,0.20197032,true,true
8,7,10,2.3407416E-8,0.9138247,0.26267615,true,true
8,7,11,4.6814833E-8,0.7301083,0.029350301,true,true
8,7,12,0.0,0.6985116,0.51950175,true,true
8,7,13,1.1703708E-8,0.32451582,0.0068861875,true,true
8,7,14,-1.1703708E-8,0.31003356,0.5892581,true,true
8,7,15,-5.851854E-9,0.09151945,0.052318603,true,true
8,7,16,0.0,0.08225074,0.51161665,true,true
8,7,17,1.014931E-8,0.1883391,0.0,true,true
8,7,18,5.851854E-9,0.15671957,0.5064017,true,true
8,7,19,-5.851854E-9,0.19175255,0.0030195082,true,true
8,7,20,0.0,0.16250204,0.4598964,true,true
8,7,21,2.925927E-9,0.16351302,0.05721602,true,true
8,7,22,5.851854E-9,0.13611838,0.48904762,true,true
8,7,23,-2.1944453E-9,0.019382061,0.32181963,true,true
8,7,24,0.0,0.019382061,0.6069553,true,true
8,7,25,-1.1703708E-8,0.50785136,0.49862343,true,true
8,7,26,2.3407416E-8,0.4731136,0.7704011,true,true
8,7,27,2.3407416E-8,0.9489084,0.69835895,true,true
8,7,28,2.3407416E-8,0.8896726,0.9830016,true,true
8,7,29,4.6814833E-8,1.0446883,0.710459,true,true
8,7,30,7.022225E-8,0.9623757,1.0,true,true
8,7,31,-4.6814833E-8,1.0718663,0.5904349,true,true
8,7,32,4.6814833E-8,1.0173005,0.9324243,true,true
8,8,0,2.6428456E-8,0.9643587,0.23393126,true,true
8,8,1,-5.285691E-8,1.0115256,0.20520447,true,true
8,8,2,-2.6428456E-8,1.0126666,0.20515926,true,true
8,8,3,7.928537E-8,1.0140487,0.20516111,true,true
8,8,4,-2.6428456E-8,1.0120853,0.25457904,true,true
8,8,5,-2.6428456E-8,1.0138226,0.25464034,true,true
8,8,6,-2.6428456E-8,1.015854,0.25443286,true,true
8,8,7,2.6428456E-8,0.9988299,0.14175443,true,true
8,8,8,-7.928537E-8,1.0012369,0.35918483,true,true
8,8,9,-2.6428456E-8,0.90903044,0.21497947,true,true
8,8,10,2.6428456E-8,0.909352,0.2780811,true,true
8,8,11,0.0,0.72667205,0.03270307,true,true
8,8,12,2.6428456E-8,0.69646513,0.5426822,true,true
8,8,13,0.0,0.32047266,0.0071616652,true,true
8,8,14,0.0,0.30438894,0.6198248,true,true
8,8,15,3.303557E-9,0.09492992,0.053786773,true,true
8,8,16,0.0,0.08233846,0.5336719,true,true
8,8,17,1.9356779E-10,0.18919246,0.0,true,true
8,8,18,6.607114E-9,0.15719539,0.52994967,true,true
8,8,19,0.0,0.19546339,0.0026235026,true,true
8,8,20,6.607114E-9,0.1596631,0.4808631,true,true
8,8,21,-6.607114E-9,0.16739206,0.058734775,true,true
8,8,22,0.0,0.13702682,0.5097856,true,true
8,8,23,-1.2388339E-9,0.01802727,0.3304233,true,true
8,8,24,0.0,0.018027075,0.63024604,true,true
8,8,25,5.285691E-8,0.5082332,0.4962775,true,true
8,8,26,1.3214228E-8,0.47364572,0.7804759,true,true
8,8,27,1.0571382E-7,0.9592022,0.6847264,true,true
8,8,28,-7.928537E-8,0.9127674,0.9846125,true,true
8,8,29,5.285691E-8,1.0531492,0.69519985,true,true
8,8,30,-7.928537E-8,0.98060036,1.0,true,true
8,8,31,7.928537E-8,1.0889413,0.56770426,true,true
8,8,32,5.285691E-8,1.0377252,0.92521864,true,true
8,9,0,2.8993501E-8,0.9644925,0.23095502,true,true
8,9,1,5.7987002E-8,1.0126765,0.2038366,true,true
8,9,2,-5.7987002E-8,1.0140743,0.20365429,true,true
8,9,3,0.0,1.0154352,0.20365009,true,true
8,9,4,-2.8993501E-8,1.0123574,0.2517943,true,true
8,9,5,0.0,1.0137247,0.25179327,true,true
8,9,6,-5.7987002E-8,1.0153143,0.25177962,true,true
8,9,7,0.0,0.99912405,0.140346,true,true
8,9,8,-5.7987002E-8,1.0009145,0.35324878,true,true
8,9,9,5.7987002E-8,0.9090026,0.21180333,true,true
8,9,10,0.0,0.9095413,0.27357233,true,true
8,9,11,-1.44967505E-8,0.7327536,0.032216746,true,true
8,9,12,0.0,0.7003201,0.52935296,true,true
8,9,13,-1.44967505E-8,0.32309884,0.0070576435,true,true
8,9,14,1.44967505E-8,0.30804992,0.5977669,true,true
8,9,15,0.0,0.09447605,0.053042926,true,true
8,9,16,-1.8120938E-9,0.07170849,0.5151359,true,true
8,9,17,4.3037227E-9,0.19350351,0.0,true,true
8,9,18,3.6241876E-9,0.15563697,0.5101169,true,true
8,9,19,-3.6241876E-9,0.19837704,0.0033262381,true,true
8,9,20,3.6241876E-9,0.15887202,0.46269587,true,true
8,9,21,0.0,0.16915922,0.05825255,true,true
8,9,22,-3.6241876E-9,0.13362771,0.49179733,true,true
8,9,23,9.060469E-10,0.014282666,0.31855977,true,true
8,9,24,-4.5302345E-10,0.014282353,0.6129176,true,true
8,9,25,-4.3490253E-8,0.5143267,0.48287988,true,true
8,9,26,-1.44967505E-8,0.48117122,0.7708632,true,true
8,9,27,5.7987002E-8,0.9698457,0.6755244,true,true
8,9,28,8.6980506E-8,0.91065985,0.9833898,true,true
8,9,29,1.15974004E-7,1.0652882,0.6863154,true,true
8,9,30,-5.7987002E-8,0.9851822,1.0,true,true
8,9,31,-2.8993501E-8,1.0967667,0.56018287,true,true
8,9,32,5.7987002E-8,1.0398439,0.92518914,true,true
8,10,0,-3.0455134E-8,0.966049,0.2340656,true,true
8,10,1,0.0,1.0137916,0.20613053,true,true
8,10,2,0.0,1.0151982,0.20613521,true,true
8,10,3,-6.091027E-8,1.0166615,0.20594725,true,true
8,10,4,-3.0455134E-8,1.0134753,0.25528327,true,true
8,10,5,-3.0455134E-8,1.0147659,0.25535735,true,true
8,10,6,-9.13654E-8,1.0162829,0.25536004,true,true
8,10,7,3.0455134E-8,0.9990346,0.14260343,true,true
8,10,8,0.0,1.001012,0.36038658,true,true
8,10,9,6.091027E-8,0.9125129,0.21500948,true,true
8,10,10,-3.0455134E-8,0.9133742,0.27813667,true,true
8,10,11,-1.5227567E-8,0.72772855,0.03339212,true,true
8,10,12,0.0,0.694225,0.54257363,true,true
8,10,13,7.613783E-9,0.3166062,0.007412058,true,true
8,10,14,7.613783E-9,0.30166653,0.61413854,true,true
8,10,15,-7.613783E-9,0.096695915,0.05484979,true,true
8,10,16,-3.8068917E-9,0.08153986,0.5299885,true,true
8,10,17,-1.1896537E-10,0.18746282,0.0,true,true
8,10,18,-3.8068917E-9,0.1571469,0.5249986,true,true
8,10,19,-7.613783E-9,0.19363798,0.0025212793,true,true
8,10,20,-3.8068917E-9,0.16109121,0.47602588,true,true
8,10,21,7.613783E-9,0.16686623,0.059667714,true,true
8,10,22,-7.613783E-9,0.13479462,0.50609285,true,true
8,10,23,2.8551688E-9,0.020963175,0.32343522,true,true
8,10,24,0.0,0.020963175,0.62007135,true,true
8,10,25,4.56827E-8,0.5084927,0.49090493,true,true
8,10,26,-1.5227567E-8,0.47715035,0.77395695,true,true
8,10,27,0.0,0.95501715,0.6869771,true,true
8,10,28,3.0455134E-8,0.91242325,0.9836004,true,true
8,10,29,0.0,1.049645,0.69826835,true,true
8,10,30,-6.091027E-8,0.97756827,1.0,true,true
8,10,31,-6.091027E-8,1.095936,0.567969,true,true
8,10,32,-6.091027E-8,1.0449406,0.9230457,true,true
8,11,0,2.9307694E-8,0.9580957,0.2218962,true,true
8,11,1,-2.9307694E-8,1.0061461,0.19239812,true,true
8,11,2,2.9307694E-8,1.0084872,0.19230975,true,true
8,11,3,2.9307694E-8,1.0111183,0.19215614,true,true
8,11,4,0.0,1.0041403,0.242208,true,true
8,11,5,0.0,1.0048771,0.24216133,true,true
8,11,6,-2.9307694E-8,1.0059874,0.24216157,true,true
8,11,7,5.8615388E-8,1.0023265,0.1288207,true,true
8,11,8,2.9307694E-8,0.99784225,0.35018557,true,true
8,11,9,-2.9307694E-8,0.91043156,0.20418322,true,true
8,11,10,0.0,0.9082959,0.26816973,true,true
8,11,11,2.9307694E-8,0.7354483,0.02629776,true,true
8,11,12,0.0,0.68931824,0.54007137,true,true
8,11,13,7.3269235E-9,0.32762572,0.0017086159,true,true
8,11,14,-1.4653847E-8,0.31069124,0.61206275,true,true
8,11,15,-3.6634618E-9,0.08143994,0.052548878,true,true
8,11,16,0.0,0.06863803,0.53056955,true,true
8,11,17,1.8317309E-9,0.17671025,0.0,true,true
8,11,18,-7.3269235E-9,0.13400431,0.52874285,true,true
8,11,19,-6.868991E-10,0.1802836,0.004727495,true,true
8,11,20,3.6634618E-9,0.13899982,0.4787623,true,true
8,11,21,0.0,0.15028577,0.058013782,true,true
8,11,22,3.6634618E-9,0.114362665,0.5069185,true,true
8,11,23,-1.8317309E-9,0.020343894,0.3356521,true,true
8,11,24,-9.1586544E-10,0.020343892,0.6465236,true,true
8,11,25,0.0,0.49040312,0.48418126,true,true
8,11,26,-1.4653847E-8,0.4708239,0.7837835,true,true
8,11,27,8.7923084E-8,0.9401003,0.67635566,true,true
8,11,28,0.0,0.89932054,0.9853183,true,true
8,11,29,0.0,1.0177891,0.68641716,true,true
8,11,30,8.7923084E-8,0.9666,1.0,true,true
8,11,31,0.0,1.0682758,0.5473028,true,true
8,11,32,-5.8615388E-8,1.0251727,0.91343987,true,true
8,12,0,0.0,0.9645837,0.2297465,true,true
8,12,1,5.6564343E-8,1.0095887,0.2007559,true,true
8,12,2,0.0,1.0114032,0.2005896,true,true
8,12,3,-5.6564343E-8,1.0132191,0.20058525,true,true
8,12,4,0.0,1.008959,0.25234294,true,true
8,12,5,0.0,1.0105102,0.2523336,true,true
8,12,6,0.0,1.0125556,0.25234702,true,true
8,12,7,0.0,0.9999165,0.13331921,true,true
8,12,8,5.6564343E-8,1.000121,0.3590146,true,true
8,12,9,0.0,0.9117507,0.20850378,true,true
8,12,10,0.0,0.9127479,0.2748185,true,true
8,12,11,5.6564343E-8,0.7365215,0.029582752,true,true
8,12,12,0.0,0.7032456,0.5432546,true,true
8,12,13,-2.8282171E-8,0.31973746,0.0048534703,true,true
8,12,14,-1.4141086E-8,0.30348566,0.61112946,true,true
8,12,15,-4.584805E-9,0.10721204,0.05256378,true,true
8,12,16,3.5352714E-9,0.08233186,0.5253985,true,true
8,12,17,0.0,0.19958095,0.0,true,true
8,12,18,5.302907E-9,0.167226,0.520676,true,true
8,12,19,1.0605814E-8,0.2093134,0.001956862,true,true
8,12,20,-3.5352714E-9,0.17195809,0.470644,true,true
8,12,21,-1.038486E-8,0.18144594,0.05645714,true,true
8,12,22,0.0,0.145615,0.5010598,true,true
8,12,23,-1.3257268E-9,0.013513126,0.3249884,true,true
8,12,24,4.4190893E-10,0.013513126,0.62290275,true,true
8,12,25,5.6564343E-8,0.50342494,0.49350983,true,true
8,12,26,4.2423256E-8,0.47660646,0.7768163,true,true
8,12,27,2.8282171E-8,0.95029795,0.68641096,true,true
8,12,28,-1.13128685E-7,0.9059921,0.9839155,true,true
8,12,29,-1.13128685E-7,1.0470268,0.6970598,true,true
8,12,30,5.6564343E-8,0.973317,1.0,true,true
8,12,31,2.8282171E-8,1.0992452,0.56828815,true,true
8,12,32,-2.8282171E-8,1.0484977,0.9243601,true,true
8,13,0,0.0,0.9616005,0.23093165,true,true
8,13,1,-5.182735E-8,1.0078428,0.20068708,true,true
8,13,2,0.0,1.0094539,0.2007969,true,true
8,13,3,0.0,1.0109451,0.2007347,true,true
8,13,4,5.182735E-8,1.0069509,0.2535754,true,true
8,13,5,-5.182735E-8,1.0085006,0.25369248,true,true
8,13,6,0.0,1.0103613,0.25357282,true,true
8,13,7,0.0,1.0003697,0.13793464,true,true
8,13,8,0.0,0.9996944,0.3604842,true,true
8,13,9,0.0,0.9158554,0.20865151,true,true
8,13,10,0.0,0.9169918,0.27614093,true,true
8,13,11,0.0,0.7388684,0.027345592,true,true
8,13,12,-2.5913675E-8,0.7034262,0.54484683,true,true
8,13,13,2.5913675E-8,0.32201576,0.0,true,true
8,13,14,-1.2956837E-8,0.30629066,0.612015,true,true
8,13,15,4.049012E-9,0.106794894,0.055502087,true,true
8,13,16,-3.2392093E-9,0.08692363,0.52681667,true,true
8,13,17,9.717628E-9,0.19833592,6.7524915E-4,true,true
8,13,18,-1.13372325E-8,0.16757767,0.5221994,true,true
8,13,19,-1.13372325E-8,0.20953552,0.0046589305,true,true
8,13,20,-6.4784187E-9,0.17399216,0.47187656,true,true
8,13,21,-6.4784187E-9,0.18334995,0.0609376,true,true
8,13,22,-6.4784187E-9,0.14809756,0.50224483,true,true
8,13,23,0.0,0.014846479,0.31846532,true,true
8,13,24,-8.0980234E-10,0.014846185,0.618153,true,true
8,13,25,0.0,0.5022548,0.48648915,true,true
8,13,26,-5.182735E-8,0.47497496,0.77195656,true,true
8,13,27,0.0,0.9368917,0.6859908,true,true
8,13,28,-5.182735E-8,0.89667183,0.98325074,true,true
8,13,29,5.182735E-8,1.025941,0.69721395,true,true
8,13,30,0.0,0.9643747,1.0,true,true
8,13,31,-5.182735E-8,1.078223,0.56871307,true,true
8,13,32,-1.5548204E-7,1.0314462,0.9266962,true,true
8,14,0,0.0,0.9618928,0.20997815,true,true
8,14,1,-4.5579835E-8,1.0120434,0.18299793,true,true
8,14,2,0.0,1.0139977,0.18284342,true,true
8,14,3,4.5579835E-8,1.0158899,0.18278988,true,true
8,14,4,4.5579835E-8,1.0109189,0.23060234,true,true
8,14,5,4.5579835E-8,1.0120667,0.23060037,true,true
8,14,6,0.0,1.0133606,0.23045376,true,true
8,14,7,-4.5579835E-8,0.9995849,0.120929,true,true
8,14,8,0.0,1.0004749,0.33109933,true,true
8,14,9,0.0,0.90857303,0.19147831,true,true
8,14,10,0.0,0.90884936,0.25244388,true,true
8,14,11,2.2789918E-8,0.7225483,0.020521328,true,true
8,14,12,0.0,0.6899494,0.5039444,true,true
8,14,13,0.0,0.32073545,0.0,true,true
8,14,14,0.0,0.30856317,0.57548845,true,true
8,14,15,-4.2731094E-9,0.10635439,0.053060714,true,true
8,14,16,2.8487397E-9,0.09209925,0.4981364,true,true
8,14,17,2.8487397E-9,0.19875275,2.6939268E-4,true,true
8,14,18,-2.8487397E-9,0.16067876,0.49224487,true,true
8,14,19,1.1394959E-8,0.20933618,0.0023487615,true,true
8,14,20,2.8487397E-9,0.16732047,0.44573084,true,true
8,14,21,-6.943803E-9,0.182108,0.057573833,true,true
8,14,22,0.0,0.14517309,0.4753758,true,true
8,14,23,-7.121849E-10,0.011218731,0.31190073,true,true
8,14,24,3.5609246E-10,0.01121873,0.5846274,true,true
8,14,25,0.0,0.4842923,0.5014888,true,true
8,14,26,-2.2789918E-8,0.45198807,0.7578503,true,true
8,14,27,-4.5579835E-8,0.89894736,0.71640503,true,true
8,14,28,4.5579835E-8,0.85970753,0.9814728,true,true
8,14,29,4.5579835E-8,0.98680085,0.7306673,true,true
8,14,30,-4.5579835E-8,0.9328407,1.0,true,true
8,14,31,9.115967E-8,1.0286475,0.6120662,true,true
8,14,32,-9.115967E-8,0.9916408,0.928484,true,true
8,15,0,0.0,0.9619064,0.2021685,true,true
8,15,1,0.0,1.0065899,0.17604837,true,true
8,15,2,0.0,1.0086612,0.17586558,true,true
8,15,3,-4.1911424E-8,1.0110399,0.17585428,true,true
8,15,4,0.0,1.0055604,0.22237015,true,true
8,15,5,0.0,1.0070621,0.2223867,true,true
8,15,6,4.1911424E-8,1.0091238,0.22237022,true,true
8,15,7,4.1911424E-8,1.0001988,0.11644582,true,true
8,15,8,-4.1911424E-8,0.9998475,0.32185844,true,true
8,15,9,-4.1911424E-8,0.9107007,0.18444014,true,true
8,15,10,0.0,0.91184705,0.24395676,true,true
8,15,11,0.0,0.726312,0.018827511,true,true
8,15,12,0.0,0.6989603,0.48918006,true,true
8,15,13,1.0477856E-8,0.31433085,0.0,true,true
8,15,14,0.0,0.30349663,0.5601928,true,true
8,15,15,-3.27433E-10,0.10390587,0.060076464,true,true
8,15,16,-5.238928E-9,0.09102434,0.4813518,true,true
8,15,17,-5.238928E-9,0.1959516,0.008728385,true,true
8,15,18,5.238928E-9,0.16758561,0.47392222,true,true
8,15,19,-2.619464E-9,0.2070489,0.010798167,true,true
8,15,20,5.238928E-9,0.17598937,0.4281587,true,true
8,15,21,-9.495557E-9,0.18246453,0.06438932,true,true
8,15,22,5.238928E-9,0.15334082,0.4586535,true,true
8,15,23,1.309732E-9,0.017083675,0.31041154,true,true
8,15,24,-6.54866E-10,0.017083557,0.57490486,true,true
8,15,25,-2.0955712E-8,0.48642173,0.4986307,true,true
8,15,26,0.0,0.45888138,0.7550391,true,true
8,15,27,8.382285E-8,0.90967804,0.71340865,true,true
8,15,28,-8.382285E-8,0.8669111,0.9812041,true,true
8,15,29,8.382285E-8,0.99728817,0.72774875,true,true
8,15,30,-8.382285E-8,0.9352701,1.0,true,true
8,15,31,4.1911424E-8,1.0444775,0.6104169,true,true
8,15,32,8.382285E-8,0.9994611,0.93050086,true,true
8,16,0,0.0,0.959823,0.20704177,true,true
8,16,1,0.0,1.0073577,0.18261626,true,true
8,16,2,0.0,1.0091987,0.18242954,true,true
8,16,3,3.5809215E-8,1.0110812,0.18243197,true,true
8,16,4,0.0,1.0058297,0.22651659,true,true
8,16,5,0.0,1.0071108,0.22654878,true,true
8,16,6,3.5809215E-8,1.0085679,0.22651665,true,true
8,16,7,0.0,1.0016689,0.12607837,true,true
8,16,8,0.0,0.99854714,0.32169965,true,true
8,16,9,-3.5809215E-8,0.9127401,0.1903412,true,true
8,16,10,-3.5809215E-8,0.9130055,0.24720883,true,true
8,16,11,0.0,0.72713846,0.034945827,true,true
8,16,12,0.0,0.6860439,0.4857092,true,true
8,16,13,-1.7904608E-8,0.31937876,0.012192406,true,true
8,16,14,-1.7904608E-8,0.30504504,0.5551842,true,true
8,16,15,4.476152E-9,0.10548284,0.050640505,true,true
8,16,16,0.0,0.09843258,0.48573476,true,true
8,16,17,4.476152E-9,0.20051269,0.0,true,true
8,16,18,-2.238076E-9,0.16445905,0.48019385,true,true
8,16,19,4.476152E-9,0.20637271,0.0023145443,true,true
8,16,20,4.476152E-9,0.17776634,0.43668872,true,true
8,16,21,4.476152E-9,0.17581849,0.05477889,true,true
8,16,22,4.476152E-9,0.1505136,0.46459895,true,true
8,16,23,1.119038E-9,0.030002335,0.31984377,true,true
8,16,24,0.0,0.03000233,0.5869299,true,true
8,16,25,5.3713823E-8,0.48205712,0.49703127,true,true
8,16,26,-1.7904608E-8,0.4537458,0.761003,true,true
8,16,27,-7.161843E-8,0.8754721,0.704787,true,true
8,16,28,0.0,0.82726336,0.9816358,true,true
8,16,29,3.5809215E-8,0.96402097,0.7181338,true,true
8,16,30,-1.07427645E-7,0.8920369,1.0,true,true
8,16,31,1.07427645E-7,1.0087497,0.604653,true,true
8,16,32,1.07427645E-7,0.9658228,0.9377184,true,true
8,17,0,0.0,0.96366996,0.18926191,true,true
8,17,1,0.0,1.0096341,0.16403514,true,true
8,17,2,0.0,1.010382,0.16389021,true,true
8,17,3,0.0,1.0117766,0.1638815,true,true
8,17,4,0.0,1.0094194,0.20862326,true,true
8,17,5,3.2103657E-8,1.0102389,0.2087584,true,true
8,17,6,0.0,1.0119693,0.20872702,true,true
8,17,7,0.0,0.99995077,0.10401119,true,true
8,17,8,3.2103657E-8,1.0000645,0.3016583,true,true
8,17,9,3.2103657E-8,0.914545,0.17098358,true,true
8,17,10,3.2103657E-8,0.91413474,0.22840583,true,true
8,17,11,0.0,0.7180151,0.012200482,true,true
8,17,12,-3.2103657E-8,0.6895686,0.46023276,true,true
8,17,13,0.0,0.30416542,0.0,true,true
8,17,14,0.0,0.2925176,0.52567965,true,true
8,17,15,8.025914E-9,0.10925613,0.05216981,true,true
8,17,16,0.0,0.10058287,0.45351636,true,true
8,17,17,2.4077742E-8,0.2005563,0.0018198219,true,true
8,17,18,5.0161963E-9,0.17948163,0.4448628,true,true
8,17,19,-4.012957E-9,0.21065912,0.0013383924,true,true
8,17,20,1.0032393E-8,0.18396556,0.40035138,true,true
8,17,21,2.0064785E-9,0.18465377,0.055114962,true,true
8,17,22,8.025914E-9,0.16005445,0.43109837,true,true
8,17,23,2.0064785E-9,0.025820265,0.29208365,true,true
8,17,24,0.0,0.025820265,0.5492992,true,true
8,17,25,-1.6051828E-8,0.49485692,0.47772846,true,true
8,17,26,3.2103657E-8,0.45278344,0.7389833,true,true
8,17,27,-3.2103657E-8,0.90529794,0.6965731,true,true
8,17,28,-3.2103657E-8,0.8514669,0.97901505,true,true
8,17,29,-9.631097E-8,1.0038401,0.7120308,true,true
8,17,30,6.420731E-8,0.921757,1.0,true,true
8,17,31,-1.2841463E-7,1.058435,0.605251,true,true
8,17,32,-9.631097E-8,0.98003477,0.9423211,true,true
8,18,0,0.0,0.9671742,0.18956831,true,true
8,18,1,0.0,1.0154823,0.16521163,true,true
8,18,2,-2.7884614E-8,1.0166054,0.16503052,true,true
8,18,3,2.7884614E-8,1.0177417,0.16502166,true,true
8,18,4,2.7884614E-8,1.0157317,0.20894715,true,true
8,18,5,-2.7884614E-8,1.0169493,0.20895061,true,true
8,18,6,-2.7884614E-8,1.0184773,0.20894629,true,true
8,18,7,0.0,0.9993201,0.108493105,true,true
8,18,8,-2.7884614E-8,1.0007627,0.30200204,true,true
8,18,9,-2.7884614E-8,0.91018975,0.17266414,true,true
8,18,10,0.0,0.9101112,0.22907394,true,true
8,18,11,0.0,0.7242472,0.023129277,true,true
8,18,12,2.7884614E-8,0.69431883,0.45795885,true,true
8,18,13,-1.3942307E-8,0.31770775,0.005364612,true,true
8,18,14,0.0,0.3090173,0.5317184,true,true
8,18,15,5.2283653E-9,0.1079768,0.050309762,true,true
8,18,16,6.9711534E-9,0.11144436,0.45972198,true,true
8,18,17,6.9711534E-9,0.2010998,0.0,true,true
8,18,18,-7.9514715E-9,0.19467843,0.45260438,true,true
8,18,19,6.9711534E-9,0.22047447,7.982182E-4,true,true
8,18,20,-4.356971E-9,0.19984391,0.40756464,true,true
8,18,21,0.0,0.19515042,0.053649116,true,true
8,18,22,0.0,0.16946414,0.4378716,true,true
8,18,23,1.7427884E-9,0.023477206,0.30652654,true,true
8,18,24,0.0,0.023477051,0.55455416,true,true
8,18,25,2.7884614E-8,0.48371953,0.5050017,true,true
8,18,26,2.7884614E-8,0.44209054,0.7496482,true,true
8,18,27,2.7884614E-8,0.87161195,0.73901296,true,true
8,18,28,0.0,0.8254421,0.9801974,true,true
8,18,29,-5.5769227E-8,0.96319646,0.75580007,true,true
8,18,30,0.0,0.9024022,1.0,true,true
8,18,31,5.5769227E-8,0.98431814,0.64933103,true,true
8,18,32,-5.5769227E-8,0.9537504,0.93755525,true,true
8,19,0,0.0,0.97463614,0.18304798,true,true
8,19,1,0.0,1.0186712,0.1587531,true,true
8,19,2,-2.6344496E-8,1.0185825,0.15875481,true,true
8,19,3,-2.6344496E-8,1.018773,0.15855885,true,true
8,19,4,0.0,1.0194523,0.20214456,true,true
8,19,5,-2.6344496E-8,1.0199331,0.20214422,true,true
8,19,6,0.0,1.0207546,0.20214397,true,true
8,19,7,0.0,0.9991184,0.101306066,true,true
8,19,8,0.0,1.0009193,0.29358953,true,true
8,19,9,-2.6344496E-8,0.9173517,0.1657514,true,true
8,19,10,0.0,0.9184827,0.22172242,true,true
8,19,11,-2.6344496E-8,0.7071579,0.018279765,true,true
8,19,12,-2.6344496E-8,0.68026686,0.44953784,true,true
8,19,13,0.0,0.29004005,0.006483605,true,true
8,19,14,0.0,0.28613186,0.5174077,true,true
8,19,15,0.0,0.13307694,0.05056487,true,true
8,19,16,-9.879186E-9,0.1332839,0.44671753,true,true
8,19,17,1.9758373E-8,0.21879251,0.0,true,true
8,19,18,9.879186E-9,0.2181481,0.43876466,true,true
8,19,19,0.0,0.23988551,6.32381E-4,true,true
8,19,20,-1.1114085E-8,0.2236207,0.39601743,true,true
8,19,21,-6.586124E-9,0.21709023,0.053640943,true,true
8,19,22,8.2326554E-9,0.19669782,0.42555845,true,true
8,19,23,8.232655E-10,0.026642552,0.30258787,true,true
8,19,24,-8.232655E-10,0.026642697,0.5475189,true,true
8,19,25,-3.9516745E-8,0.4822732,0.5065581,true,true
8,19,26,2.6344496E-8,0.44090483,0.74533653,true,true
8,19,27,2.6344496E-8,0.8722134,0.741058,true,true
8,19,28,7.903349E-8,0.8201259,0.97932386,true,true
8,19,29,5.2688993E-8,0.95469314,0.75812,true,true
8,19,30,0.0,0.899121,1.0,true,true
8,19,31,1.05377985E-7,0.97028047,0.6573675,true,true
8,19,32,-5.2688993E-8,0.940728,0.9438095,true,true
8,20,0,0.0,0.9853798,0.18298127,true,true
8,20,1,0.0,1.0259961,0.15764384,true,true
8,20,2,1.3805345E-8,1.0258249,0.15759063,true,true
8,20,3,1.3805345E-8,1.0256532,0.15744616,true,true
8,20,4,-1.3805345E-8,1.0264314,0.20228188,true,true
8,20,5,0.0,1.0266614,0.20226666,true,true
8,20,6,0.0,1.0270548,0.20209318,true,true
8,20,7,0.0,0.9984192,0.09719406,true,true
8,20,8,0.0,1.0016493,0.29506013,true,true
8,20,9,6.9026727E-9,0.92533654,0.16484644,true,true
8,20,10,0.0,0.9266371,0.22220813,true,true
8,20,11,0.0,0.7042274,0.011052254,true,true
8,20,12,-1.3805345E-8,0.6836632,0.4521522,true,true
8,20,13,0.0,0.29084468,0.0,true,true
8,20,14,0.0,0.28672734,0.519968,true,true
8,20,15,1.0354009E-8,0.12560016,0.050262813,true,true
8,20,16,0.0,0.12149756,0.44910887,true,true
8,20,17,2.0708018E-8,0.20867899,0.0016687553,true,true
8,20,18,-3.4513363E-9,0.19377008,0.44355577,true,true
8,20,19,0.0,0.22837575,0.004811937,true,true
8,20,20,-1.3805345E-8,0.2060767,0.40015987,true,true
8,20,21,0.0,0.20585352,0.05485245,true,true
8,20,22,5.1770046E-9,0.1805863,0.42800364,true,true
8,20,23,0.0,0.02240484,0.28989217,true,true
8,20,24,0.0,0.022404792,0.544372,true,true
8,20,25,5.522138E-8,0.46133018,0.49819553,true,true
8,20,26,-4.1416037E-8,0.4229693,0.7464112,true,true
8,20,27,0.0,0.86074626,0.7334451,true,true
8,20,28,-6.9026726E-8,0.81243765,0.97955,true,true
8,20,29,-9.6637415E-8,0.9394977,0.7512058,true,true
8,20,30,-6.9026726E-8,0.8933819,1.0,true,true
8,20,31,8.2832074E-8,0.93486917,0.6518633,true,true
8,20,32,1.1044276E-7,0.9100265,0.94769514,true,true
8,21,0,0.0,0.9891165,0.18353295,true,true
8,21,1,0.0,1.0254663,0.15786587,true,true
8,21,2,0.0,1.025335,0.15767293,true,true
8,21,3,0.0,1.0253421,0.15762427,true,true
8,21,4,0.0,1.0256038,0.20277075,true,true
8,21,5,0.0,1.0257037,0.20289586,true,true
8,21,6,8.516529E-9,1.0262818,0.20277019,true,true
8,21,7,1.7033058E-8,0.9987189,0.0984946,true,true
8,21,8,-1.7033058E-8,1.001341,0.29799932,true,true
8,21,9,-8.516529E-9,0.93088317,0.16595021,true,true
8,21,10,0.0,0.9323147,0.22378421,true,true
8,21,11,0.0,0.7071828,0.011113645,true,true
8,21,12,3.4066115E-8,0.6904373,0.46086177,true,true
8,21,13,8.516529E-9,0.29662785,0.0,true,true
8,21,14,0.0,0.29919532,0.52799803,true,true
8,21,15,2.1291322E-9,0.11431243,0.059386708,true,true
8,21,16,4.2582644E-9,0.12375371,0.45595533,true,true
8,21,17,0.0,0.19459255,0.010821726,true,true
8,21,18,6.3873964E-9,0.17862813,0.45051172,true,true
8,21,19,-8.516529E-9,0.21074708,0.013362972,true,true
8,21,20,-2.1291322E-9,0.1885673,0.40930915,true,true
8,21,21,1.2774793E-8,0.19214983,0.0638597,true,true
8,21,22,-2.1291322E-9,0.16808444,0.43625128,true,true
8,21,23,1.0645661E-9,0.025049148,0.29199642,true,true
8,21,24,0.0,0.025049275,0.54435796,true,true
8,21,25,-8.516529E-9,0.45846614,0.4969369,true,true
8,21,26,0.0,0.42032373,0.74614984,true,true
8,21,27,-1.7033058E-8,0.86758804,0.73418736,true,true
8,21,28,-6.813223E-8,0.81590813,0.9794976,true,true
8,21,29,-5.96157E-8,0.9437757,0.7519829,true,true
8,21,30,-8.516529E-8,0.89542234,1.0,true,true
8,21,31,3.4066115E-8,0.94067085,0.65217406,true,true
8,21,32,6.813223E-8,0.9134454,0.9446904,true,true
8,22,0,-5.019869E-9,0.9873119,0.1907223,true,true
8,22,1,0.0,1.0232704,0.16381204,true,true
8,22,2,0.0,1.0234416,0.16379957,true,true
8,22,3,1.0039738E-8,1.0237114,0.16373423,true,true
8,22,4,0.0,1.0230588,0.20977129,true,true
8,22,5,-1.0039738E-8,1.0234421,0.20977128,true,true
8,22,6,0.0,1.0242101,0.20977129,true,true
8,22,7,2.0079476E-8,0.9988558,0.10232096,true,true
8,22,8,0.0,1.0012118,0.30656204,true,true
8,22,9,0.0,0.9309965,0.1725957,true,true
8,22,10,0.0,0.9326311,0.23157407,true,true
8,22,11,2.0079476E-8,0.72250783,0.012693313,true,true
8,22,12,0.0,0.6982588,0.470295,true,true
8,22,13,-1.0039738E-8,0.30289468,0.0,true,true
8,22,14,-5.019869E-9,0.29790398,0.5407754,true,true
8,22,15,7.5298034E-9,0.124460734,0.0553201,true,true
8,22,16,-2.5099345E-9,0.13023196,0.46890017,true,true
8,22,17,1.0039738E-8,0.20589276,0.0060217334,true,true
8,22,18,-5.019869E-9,0.20298535,0.46351895,true,true
8,22,19,-1.0039738E-8,0.22391395,0.009332562,true,true
8,22,20,0.0,0.21000011,0.41931868,true,true
8,22,21,1.0039738E-8,0.20103858,0.060155492,true,true
8,22,22,0.0,0.18562244,0.44764966,true,true
8,22,23,6.274836E-10,0.02624582,0.30065426,true,true
8,22,24,-6.274836E-10,0.02624597,0.5640091,true,true
8,22,25,-5.019869E-8,0.47829697,0.49953854,true,true
8,22,26,0.0,0.4337897,0.7524336,true,true
8,22,27,6.023843E-8,0.90674585,0.7188343,true,true
8,22,28,5.019869E-8,0.8476428,0.98033285,true,true
8,22,29,-6.023843E-8,0.99141365,0.73445684,true,true
8,22,30,6.023843E-8,0.9323968,1.0,true,true
8,22,31,-8.03179E-8,0.9814212,0.62853545,true,true
8,22,32,0.0,0.94674385,0.9411511,true,true
8,23,0,5.7581366E-9,0.9803434,0.20545861,true,true
8,23,1,1.1516273E-8,1.0232401,0.17829561,true,true
8,23,2,0.0,1.0233378,0.1782545,true,true
8,23,3,-1.1516273E-8,1.0232879,0.17809637,true,true
8,23,4,1.1516273E-8,1.0235553,0.22516586,true,true
8,23,5,0.0,1.0241452,0.22517335,true,true
8,23,6,0.0,1.024845,0.22516619,true,true
8,23,7,2.3032547E-8,0.99828035,0.11589232,true,true
8,23,8,0.0,1.001857,0.32330346,true,true
8,23,9,5.7581366E-9,0.92164016,0.18719311,true,true
8,23,10,0.0,0.92391723,0.24717513,true,true
8,23,11,0.0,0.7235098,0.019238612,true,true
8,23,12,-1.1516273E-8,0.6949843,0.49207547,true,true
8,23,13,0.0,0.31574678,0.0,true,true
8,23,14,-5.7581366E-9,0.30382666,0.5651304,true,true
8,23,15,2.8790683E-9,0.10719764,0.05653412,true,true
8,23,16,-2.8790683E-9,0.101022236,0.48770234,true,true
8,23,17,1.1516273E-8,0.18839538,0.0061259028,true,true
8,23,18,0.0,0.16537656,0.48319694,true,true
8,23,19,1.727441E-8,0.20498665,0.010244512,true,true
8,23,20,5.7581366E-9,0.17723617,0.43639138,true,true
8,23,21,-1.1516273E-8,0.1827687,0.061735813,true,true
8,23,22,2.8790683E-9,0.14990199,0.4653474,true,true
8,23,23,2.1593012E-9,0.020296331,0.30606696,true,true
8,23,24,7.197671E-10,0.020296494,0.57776904,true,true
8,23,25,-4.6065093E-8,0.47114193,0.49912164,true,true
8,23,26,1.1516273E-8,0.43616784,0.7589359,true,true
8,23,27,5.7581367E-8,0.8917192,0.7162462,true,true
8,23,28,-1.1516273E-8,0.850709,0.98149455,true,true
8,23,29,5.7581367E-8,0.9821391,0.73136324,true,true
8,23,30,-4.6065093E-8,0.93519694,1.0,true,true
8,23,31,1.3819528E-7,0.97704643,0.62188977,true,true
8,23,32,9.2130186E-8,0.9519134,0.93613034,true,true
8,24,0,-3.3253094E-9,0.9865086,0.20409496,true,true
8,24,1,0.0,1.0259182,0.17742804,true,true
8,24,2,-1.6626547E-9,1.0257053,0.17728391,true,true
8,24,3,3.3253094E-9,1.0257095,0.17724368,true,true
8,24,4,0.0,1.0271642,0.22388917,true,true
8,24,5,0.0,1.0279258,0.2238905,true,true
8,24,6,-8.3132734E-10,1.0290308,0.22388647,true,true
8,24,7,1.33012374E-8,0.99861586,0.117312856,true,true
8,24,8,-1.33012374E-8,1.0014615,0.32498604,true,true
8,24,9,2.0783184E-10,0.9281391,0.18612364,true,true
8,24,10,0.0,0.9297491,0.24613045,true,true
8,24,11,1.33012374E-8,0.72209746,0.023388581,true,true
8,24,12,0.0,0.6964637,0.48794103,true,true
8,24,13,0.0,0.31627056,0.0,true,true
8,24,14,0.0,0.308198,0.5596073,true,true
8,24,15,3.3253094E-9,0.10429228,0.05560908,true,true
8,24,16,-3.3253094E-9,0.13679735,0.48673058,true,true
8,24,17,6.6506187E-9,0.18141441,0.0059878714,true,true
8,24,18,6.6506187E-9,0.19210242,0.48154807,true,true
8,24,19,6.6506187E-9,0.19532795,0.010174606,true,true
8,24,20,1.6626547E-9,0.19914894,0.43731603,true,true
8,24,21,-6.6506187E-9,0.17462476,0.060943373,true,true
8,24,22,-3.3253094E-9,0.18045753,0.46500644,true,true
8,24,23,1.6626547E-9,0.02664381,0.31194705,true,true
8,24,24,0.0,0.026643874,0.5780859,true,true
8,24,25,6.6506187E-9,0.45757523,0.50431114,true,true
8,24,26,-3.3253095E-8,0.42597604,0.7597244,true,true
8,24,27,8.6458044E-8,0.87442976,0.7203558,true,true
8,24,28,1.33012374E-8,0.8286967,0.9813844,true,true
8,24,29,8.6458044E-8,0.9601959,0.7354582,true,true
8,24,30,9.975928E-8,0.9086115,1.0,true,true
8,24,31,1.064099E-7,0.94574606,0.62614816,true,true
8,24,32,-7.980742E-8,0.9145632,0.9351484,true,true
8,25,0,0.0,0.98457235,0.23254676,true,true
8,25,1,0.0,1.0228086,0.2025097,true,true
8,25,2,0.0,1.0225896,0.20237519,true,true
8,25,3,0.0,1.0223476,0.20232403,true,true
8,25,4,0.0,1.0238329,0.25351897,true,true
8,25,5,0.0,1.024517,0.25358966,true,true
8,25,6,0.0,1.0253483,0.2535193,true,true
8,25,7,0.0,0.9990773,0.1357635,true,true
8,25,8,0.0,1.0013394,0.36010265,true,true
8,25,9,0.0,0.93319774,0.21212418,true,true
8,25,10,-1.8684103E-9,0.93700856,0.27816936,true,true
8,25,11,0.0,0.72762156,0.025469959,true,true
8,25,12,0.0,0.6975311,0.53382534,true,true
8,25,13,0.0,0.308084,0.0,true,true
8,25,14,0.0,0.30926022,0.5976133,true,true
8,25,15,0.0,0.09569767,0.057010304,true,true
8,25,16,3.7368206E-9,0.096773826,0.5243472,true,true
8,25,17,-7.473641E-9,0.16952011,0.009338542,true,true
8,25,18,1.1210462E-8,0.14651406,0.5242459,true,true
8,25,19,-1.4947283E-8,0.18354037,0.016742311,true,true
8,25,20,-7.473641E-9,0.15789896,0.4760946,true,true
8,25,21,-1.4947283E-8,0.16413008,0.06376697,true,true
8,25,22,-7.473641E-9,0.14247805,0.50188327,true,true
8,25,23,-9.342052E-10,0.010309211,0.31173187,true,true
8,25,24,0.0,0.010309225,0.60395515,true,true
8,25,25,2.0552513E-8,0.47636363,0.47886348,true,true
8,25,26,-1.1210462E-8,0.43515038,0.7640622,true,true
8,25,27,5.41839E-8,0.91053325,0.68651974,true,true
8,25,28,-9.5288925E-8,0.8498455,0.9822988,true,true
8,25,29,-8.594687E-8,1.0010101,0.69956213,true,true
8,25,30,4.4841848E-8,0.939732,1.0,true,true
8,25,31,5.978913E-8,0.9784759,0.58053523,true,true
8,25,32,1.1957826E-7,0.93890476,0.9296517,true,true
8,26,0,0.0,0.98903525,0.23893665,true,true
8,26,1,0.0,1.0285273,0.21234617,true,true
8,26,2,-3.8877968E-9,1.0277504,0.21236019,true,true
8,26,3,0.0,1.026941,0.21235502,true,true
8,26,4,0.0,1.0297846,0.25933892,true,true
8,26,5,0.0,1.0299488,0.25954282,true,true
8,26,6,3.8877968E-9,1.0301837,0.25933874,true,true
8,26,7,3.8877968E-9,0.9990346,0.15138207,true,true
8,26,8,0.0,1.0010704,0.36076084,true,true
8,26,9,0.0,0.93035996,0.22034213,true,true
8,26,10,0.0,0.93323445,0.28102285,true,true
8,26,11,0.0,0.7162752,0.05210119,true,true
8,26,12,3.8877968E-9,0.68637216,0.5285124,true,true
8,26,13,0.0,0.3167733,0.015876194,true,true
8,26,14,0.0,0.3047505,0.5835713,true,true
8,26,15,-3.8877968E-9,0.09042595,0.052437387,true,true
8,26,16,1.9438984E-9,0.110131145,0.4984535,true,true
8,26,17,1.5551187E-8,0.17660584,0.0,true,true
8,26,18,-3.8877968E-9,0.17615242,0.49320367,true,true
8,26,19,7.7755935E-9,0.19649413,0.0024049266,true,true
8,26,20,-7.7755935E-9,0.19273587,0.44678813,true,true
8,26,21,-1.5551187E-8,0.17638747,0.055627733,true,true
8,26,22,0.0,0.16963807,0.47581592,true,true
8,26,23,0.0,0.029253354,0.33362013,true,true
8,26,24,1.4579238E-9,0.029253159,0.6166207,true,true
8,26,25,1.9924958E-8,0.48282233,0.47585356,true,true
8,26,26,4.665356E-8,0.45519328,0.76935154,true,true
8,26,27,8.04288E-8,0.94055414,0.67417437,true,true
8,26,28,-9.233517E-8,0.8899309,0.9836238,true,true
8,26,29,1.166339E-7,1.0339848,0.68473524,true,true
8,26,30,6.220475E-8,0.9687382,1.0,true,true
8,26,31,-9.330712E-8,1.0293916,0.55450517,true,true
8,26,32,-6.220475E-8,0.98355865,0.9262918,true,true
8,27,0,-1.494785E-8,0.99568653,0.20597307,true,true
8,27,1,-7.473925E-9,1.030512,0.17856489,true,true
8,27,2,0.0,1.0297017,0.17839769,true,true
8,27,3,0.0,1.0288414,0.17835912,true,true
8,27,4,0.0,1.0313752,0.22642231,true,true
8,27,5,0.0,1.0313166,0.22641443,true,true
8,27,6,0.0,1.0312665,0.2262488,true,true
8,27,7,0.0,0.9979143,0.118564546,true,true
8,27,8,0.0,1.0023026,0.3299968,true,true
8,27,9,0.0,0.9360281,0.18852061,true,true
8,27,10,1.494785E-8,0.9388715,0.24970198,true,true
8,27,11,-7.473925E-9,0.7101481,0.018170882,true,true
8,27,12,0.0,0.6886069,0.50630206,true,true
8,27,13,7.473925E-9,0.31389254,0.0,true,true
8,27,14,0.0,0.31005606,0.5768646,true,true
8,27,15,3.7369623E-9,0.09871082,0.06195168,true,true
8,27,16,-3.7369623E-9,0.11550776,0.4981844,true,true
8,27,17,7.473925E-9,0.17678985,0.010463115,true,true
8,27,18,0.0,0.17299075,0.49219134,true,true
8,27,19,-7.473925E-9,0.19895723,0.012549049,true,true
8,27,20,-7.473925E-9,0.18147673,0.4461498,true,true
8,27,21,1.494785E-8,0.17871873,0.06627902,true,true
8,27,22,-5.605443E-9,0.1615191,0.47556022,true,true
8,27,23,1.4013608E-9,0.027296428,0.31336504,true,true
8,27,24,0.0,0.027296428,0.58740985,true,true
8,27,25,-1.3079368E-8,0.46125913,0.4986112,true,true
8,27,26,2.4290255E-8,0.43836465,0.7592741,true,true
8,27,27,-9.716102E-8,0.907638,0.71505386,true,true
8,27,28,7.8476205E-8,0.86100674,0.98187345,true,true
8,27,29,-8.221317E-8,1.0061013,0.7295654,true,true
8,27,30,8.968709E-8,0.9443297,1.0,true,true
8,27,31,2.98957E-8,0.9934279,0.611407,true,true
8,27,32,4.4843546E-8,0.95203966,0.92933786,true,true
8,28,0,0.0,1.0081103,0.21335311,true,true
8,28,1,0.0,1.0405384,0.18704882,true,true
8,28,2,-1.3780356E-8,1.0386993,0.18699893,true,true
8,28,3,0.0,1.036644,0.18689695,true,true
8,28,4,1.3780356E-8,1.0417932,0.23288216,true,true
8,28,5,-1.3780356E-8,1.0410068,0.23305315,true,true
8,28,6,0.0,1.0403619,0.23287928,true,true
8,28,7,6.890178E-9,0.99809647,0.12745796,true,true
8,28,8,0.0,1.0019896,0.3308781,true,true
8,28,9,0.0,0.9468475,0.19595629,true,true
8,28,10,0.0,0.9503312,0.25492775,true,true
8,28,11,0.0,0.7074788,0.02809795,true,true
8,28,12,3.445089E-9,0.68843836,0.5099761,true,true
8,28,13,0.0,0.2953389,0.0080417935,true,true
8,28,14,3.445089E-9,0.30198875,0.58176035,true,true
8,28,15,-1.0335267E-8,0.11415485,0.053668,true,true
8,28,16,-8.612723E-10,0.15055047,0.5009274,true,true
8,28,17,1.3780356E-8,0.19168179,0.0,true,true
8,28,18,6.890178E-9,0.22213319,0.49497762,true,true
8,28,19,-6.890178E-9,0.21347763,8.9663913E-4,true,true
8,28,20,1.3780356E-8,0.2295627,0.44614452,true,true
8,28,21,1.3780356E-8,0.19414696,0.057583246,true,true
8,28,22,1.0335267E-8,0.20440432,0.4773668,true,true
8,28,23,-6.459542E-10,0.03033186,0.3186737,true,true
8,28,24,-1.7225446E-9,0.03033186,0.59804875,true,true
8,28,25,1.7225446E-8,0.4851358,0.49424988,true,true
8,28,26,-4.6508703E-8,0.45830983,0.76541317,true,true
8,28,27,6.890178E-9,0.91917413,0.6988915,true,true
8,28,28,0.0,0.8735195,0.98244965,true,true
8,28,29,-5.5121426E-8,1.0242561,0.71055925,true,true
8,28,30,-5.5121426E-8,0.9539192,1.0,true,true
8,28,31,8.2682135E-8,1.0224222,0.58054703,true,true
8,28,32,8.2682135E-8,0.95618707,0.9289587,true,true
8,29,0,-2.5446186E-8,1.0022495,0.21647014,true,true
8,29,1,0.0,1.0367426,0.18999341,true,true
8,29,2,0.0,1.0345142,0.1898148,true,true
8,29,3,0.0,1.0325232,0.18982731,true,true
8,29,4,0.0,1.0395244,0.23621055,true,true
8,29,5,0.0,1.0394473,0.23625621,true,true
8,29,6,-2.5446186E-8,1.0394877,0.23626144,true,true
8,29,7,-1.2723093E-8,0.99650776,0.13117422,true,true
8,29,8,0.0,1.0035708,0.33408245,true,true
8,29,9,2.5446186E-8,0.9321876,0.1989184,true,true
8,29,10,0.0,0.9356022,0.2582635,true,true
8,29,11,-1.9879833E-10,0.689023,0.03651554,true,true
8,29,12,0.0,0.67429197,0.50791997,true,true
8,29,13,3.1807732E-9,0.30526665,0.0093842745,true,true
8,29,14,0.0,0.305719,0.58487767,true,true
8,29,15,6.3615464E-9,0.08593434,0.051826216,true,true
8,29,16,3.1807732E-9,0.11220089,0.51059675,true,true
8,29,17,1.2723093E-8,0.17384034,0.0,true,true
8,29,18,1.908464E-8,0.1751657,0.505627,true,true
8,29,19,-1.908464E-8,0.18747438,0.0024982532,true,true
8,29,20,0.0,0.18402739,0.4591072,true,true
8,29,21,-1.908464E-8,0.16548702,0.05626849,true,true
8,29,22,9.54232E-9,0.16205181,0.48800325,true,true
8,29,23,1.19279E-9,0.026668785,0.32423532,true,true
8,29,24,9.939917E-10,0.02666899,0.59118456,true,true
8,29,25,2.5446186E-8,0.49632168,0.5106056,true,true
8,29,26,-1.908464E-8,0.46159625,0.7647503,true,true
8,29,27,-3.816928E-8,0.9208759,0.7183356,true,true
8,29,28,2.5446186E-8,0.87797135,0.9823149,true,true
8,29,29,-5.089237E-8,1.0280747,0.7321531,true,true
8,29,30,0.0,0.96057063,1.0,true,true
8,29,31,-8.588088E-8,0.98616827,0.6152146,true,true
8,29,32,-4.4530825E-8,0.94345397,0.9287458,true,true
8,30,0,0.0,1.0176432,0.20906544,true,true
8,30,1,2.4410602E-8,1.0494559,0.18264666,true,true
8,30,2,0.0,1.0467684,0.1826468,true,true
8,30,3,0.0,1.0437042,0.18263942,true,true
8,30,4,-2.4410602E-8,1.0516856,0.22870263,true,true
8,30,5,-2.4410602E-8,1.0507721,0.22871636,true,true
8,30,6,-2.4410602E-8,1.0496229,0.22871488,true,true
8,30,7,0.0,0.9961784,0.121790096,true,true
8,30,8,0.0,1.0038865,0.32583627,true,true
8,30,9,-2.4410602E-8,0.949195,0.19098176,true,true
8,30,10,0.0,0.95329815,0.25028384,true,true
8,30,11,6.1026504E-9,0.69264805,0.025365371,true,true
8,30,12,1.2205301E-8,0.6777782,0.49435663,true,true
8,30,13,0.0,0.29281458,0.006208693,true,true
8,30,14,0.0,0.29916313,0.5678881,true,true
8,30,15,-1.2205301E-8,0.10285236,0.051288415,true,true
8,30,16,7.628313E-10,0.13231814,0.49261966,true,true
8,30,17,-2.4410602E-8,0.17912221,0.0,true,true
8,30,18,-1.830795E-8,0.19339155,0.48630324,true,true
8,30,19,6.1026504E-9,0.1971658,3.9809017E-4,true,true
8,30,20,2.4410602E-8,0.19951737,0.44079384,true,true
8,30,21,-1.2205301E-8,0.17851529,0.05490833,true,true
8,30,22,0.0,0.1804152,0.4702731,true,true
8,30,23,-1.8906894E-9,0.03447607,0.31454664,true,true
8,30,24,1.1233883E-9,0.03447607,0.5866868,true,true
8,30,25,2.4410602E-8,0.49552834,0.48895648,true,true
8,30,26,-6.1026504E-9,0.45258638,0.76068187,true,true
8,30,27,7.32318E-8,0.92878807,0.684955,true,true
8,30,28,-7.32318E-8,0.8735936,0.9819273,true,true
8,30,29,-1.2205301E-7,1.0397995,0.6965778,true,true
8,30,30,-4.8821203E-8,0.9534683,1.0,true,true
8,30,31,-1.1823885E-7,0.9941824,0.57422924,true,true
8,30,32,6.712916E-8,0.945474,0.93308896,true,true
8,31,0,-4.3681244E-8,1.026124,0.20732564,true,true
8,31,1,0.0,1.0513273,0.18030246,true,true
8,31,2,0.0,1.0484337,0.18020214,true,true
8,31,3,0.0,1.0454177,0.18009736,true,true
8,31,4,4.3681244E-8,1.052895,0.2281843,true,true
8,31,5,0.0,1.0515018,0.22823353,true,true
8,31,6,0.0,1.050456,0.22815977,true,true
8,31,7,2.1840622E-8,0.99585277,0.11602113,true,true
8,31,8,0.0,1.0042504,0.32871175,true,true
8,31,9,0.0,0.9577511,0.18849011,true,true
8,31,10,0.0,0.9631223,0.24996424,true,true
8,31,11,0.0,0.69698524,0.018187571,true,true
8,31,12,0.0,0.68231606,0.49818087,true,true
8,31,13,2.7300777E-9,0.2990327,0.0,true,true
8,31,14,0.0,0.30138922,0.56819904,true,true
8,31,15,-1.0920311E-8,0.09594987,0.060041662,true,true
8,31,16,-5.1188955E-9,0.10807384,0.49032742,true,true
8,31,17,0.0,0.16510352,0.008075843,true,true
8,31,18,-5.4601554E-9,0.1532688,0.48356608,true,true
8,31,19,1.6380467E-8,0.18297477,0.010614367,true,true
8,31,20,2.1840622E-8,0.16514471,0.43748888,true,true
8,31,21,1.0920311E-8,0.168618,0.06462176,true,true
8,31,22,0.0,0.1510597,0.46761608,true,true
8,31,23,6.8251943E-10,0.016273564,0.3046202,true,true
8,31,24,-2.559448E-10,0.016273584,0.57887876,true,true
8,31,25,5.4601554E-8,0.4730162,0.4987153,true,true
8,31,26,-3.2760934E-8,0.442558,0.7553918,true,true
8,31,27,2.1840622E-8,0.91440386,0.7213446,true,true
8,31,28,2.1840622E-8,0.87416,0.98105353,true,true
8,31,29,0.0,1.0299155,0.7365545,true,true
8,31,30,8.736249E-8,0.96867585,1.0,true,true
8,31,31,-8.736249E-8,0.94888204,0.621005,true,true
8,31,32,3.2760934E-8,0.90553313,0.9311229,true,true
8,32,0,-4.035655E-8,1.020869,0.2042153,true,true
8,32,1,4.035655E-8,1.0493023,0.17876668,true,true
8,32,2,0.0,1.0464407,0.17868966,true,true
8,32,3,0.0,1.0432682,0.17856729,true,true
8,32,4,0.0,1.0514331,0.22467485,true,true
8,32,5,0.0,1.0503048,0.22467403,true,true
8,32,6,-4.035655E-8,1.0491489,0.22467536,true,true
8,32,7,4.035655E-8,0.9964028,0.12167852,true,true
8,32,8,0.0,1.0037152,0.32554725,true,true
8,32,9,-4.035655E-8,0.9569689,0.18727838,true,true
8,32,10,4.035655E-8,0.9625227,0.24640732,true,true
8,32,11,2.0178275E-8,0.68444127,0.023813449,true,true
8,32,12,2.0178275E-8,0.6884096,0.49158472,true,true
8,32,13,0.0,0.2899983,0.0013613078,true,true
8,32,14,1.00891375E-8,0.30714375,0.56490123,true,true
8,32,15,-1.00891375E-8,0.08100611,0.053312633,true,true
8,32,16,-1.2611422E-9,0.11903498,0.48388585,true,true
8,32,17,1.2611422E-8,0.15892127,0.0,true,true
8,32,18,-1.5133706E-8,0.164133,0.47529227,true,true
8,32,19,2.0178275E-8,0.1741396,0.0022450476,true,true
8,32,20,1.00891375E-8,0.17137928,0.42826107,true,true
8,32,21,1.00891375E-8,0.15230355,0.05748139,true,true
8,32,22,-5.0445688E-9,0.15778516,0.46056807,true,true
8,32,23,-9.458566E-10,0.032728348,0.30977723,true,true
8,32,24,3.1528555E-10,0.032728508,0.5761453,true,true
8,32,25,-4.035655E-8,0.48522973,0.49257842,true,true
8,32,26,2.0178275E-8,0.44924977,0.7544001,true,true
8,32,27,0.0,0.93108225,0.70696884,true,true
8,32,28,0.0,0.8791016,0.9812896,true,true
8,32,29,8.07131E-8,1.0491657,0.7212255,true,true
8,32,30,4.035655E-8,0.96874124,1.0,true,true
8,32,31,2.0178275E-8,0.9645588,0.60147613,true,true
8,32,32,-6.053482E-8,0.91589737,0.9297509,true,true
8,33,0,0.0,1.0240753,0.19634491,true,true
8,33,1,3.3791046E-8,1.0561538,0.16990174,true,true
8,33,2,3.3791046E-8,1.0524685,0.16986975,true,true
8,33,3,-3.3791046E-8,1.0486802,0.16970348,true,true
8,33,4,3.3791046E-8,1.0585324,0.21643873,true,true
8,33,5,3.3791046E-8,1.056531,0.21643862,true,true
8,33,6,3.3791046E-8,1.0546584,0.21643877,true,true
8,33,7,0.0,0.99719924,0.11096127,true,true
8,33,8,0.0,1.002821,0.31686988,true,true
8,33,9,-3.3791046E-8,0.95804745,0.17886609,true,true
8,33,10,0.0,0.96207577,0.23852256,true,true
8,33,11,0.0,0.678015,0.017051522,true,true
8,33,12,-3.3791046E-8,0.67690575,0.4877042,true,true
8,33,13,0.0,0.2736732,0.0,true,true
8,33,14,-8.447762E-9,0.2999764,0.5593967,true,true
8,33,15,6.335821E-9,0.08071022,0.057123072,true,true
8,33,16,2.1119404E-9,0.118428975,0.48354223,true,true
8,33,17,2.1119404E-9,0.16029538,0.006624785,true,true
8,33,18,8.447762E-9,0.16883615,0.4776601,true,true
8,33,19,8.447762E-9,0.16917974,0.008260854,true,true
8,33,20,8.447762E-9,0.17243698,0.43172297,true,true
8,33,21,0.0,0.15163316,0.061294205,true,true
8,33,22,-4.223881E-9,0.14957316,0.46192876,true,true
8,33,23,1.5839553E-9,0.028255697,0.30202156,true,true
8,33,24,-5.279851E-10,0.028255641,0.57081974,true,true
8,33,25,0.0,0.48098817,0.49303287,true,true
8,33,26,5.068657E-8,0.44276664,0.7497765,true,true
8,33,27,3.3791046E-8,0.92590874,0.71866745,true,true
8,33,28,3.3791046E-8,0.8708902,0.9805671,true,true
8,33,29,1.0137314E-7,1.0190667,0.7339276,true,true
8,33,30,3.3791046E-8,0.96196467,1.0,true,true
8,33,31,-3.3791046E-8,0.9375439,0.61761075,true,true
8,33,32,-1.6895523E-8,0.9007685,0.93205166,true,true
8,34,0,0.0,1.0236108,0.19969566,true,true
8,34,1,-3.1552396E-8,1.0506418,0.17299682,true,true
8,34,2,0.0,1.0480129,0.172898,true,true
8,34,3,0.0,1.0454341,0.17281817,true,true
8,34,4,-3.1552396E-8,1.0531285,0.21975783,true,true
8,34,5,3.1552396E-8,1.052348,0.21975954,true,true
8,34,6,3.1552396E-8,1.0516852,0.21975783,true,true
8,34,7,0.0,0.99492276,0.11234229,true,true
8,34,8,0.0,1.0052191,0.3186027,true,true
8,34,9,3.1552396E-8,0.957394,0.18187883,true,true
8,34,10,-3.1552396E-8,0.9622668,0.24189472,true,true
8,34,11,3.1552396E-8,0.6766042,0.017206445,true,true
8,34,12,3.1552396E-8,0.6743545,0.4880141,true,true
8,34,13,0.0,0.28046083,0.0,true,true
8,34,14,0.0,0.2947885,0.5598982,true,true
8,34,15,9.860123E-9,0.08030674,0.057910196,true,true
8,34,16,-5.9160743E-9,0.08773145,0.48094144,true,true
8,34,17,-1.3311167E-8,0.15530539,0.005344124,true,true
8,34,18,-1.1832149E-8,0.13203114,0.47458774,true,true
8,34,19,1.1832149E-8,0.16028029,0.007846658,true,true
8,34,20,0.0,0.137372,0.42625147,true,true
8,34,21,-1.1832149E-8,0.14059483,0.062374365,true,true
8,34,22,-3.9440495E-9,0.1249249,0.45768663,true,true
8,34,23,0.0,0.022825306,0.31334406,true,true
8,34,24,-7.395093E-10,0.022825306,0.5820859,true,true
8,34,25,-4.7328594E-8,0.46060997,0.50315994,true,true
8,34,26,1.5776198E-8,0.4343038,0.7619797,true,true
8,34,27,1.2620959E-7,0.90818965,0.7196238,true,true
8,34,28,3.1552396E-8,0.86892813,0.9821007,true,true
8,34,29,6.310479E-8,1.0155705,0.73394424,true,true
8,34,30,3.1552396E-8,0.96319836,1.0,true,true
8,34,31,-9.465719E-8,0.9174489,0.6198601,true,true
8,34,32,9.465719E-8,0.8854084,0.9304984,true,true
8,35,0,0.0,1.0243608,0.21307151,true,true
8,35,1,-3.446695E-8,1.0543166,0.18629825,true,true
8,35,2,0.0,1.050973,0.18630792,true,true
8,35,3,0.0,1.0470058,0.18630043,true,true
8,35,4,0.0,1.0574547,0.23222078,true,true
8,35,5,3.446695E-8,1.0566429,0.23221861,true,true
8,35,6,0.0,1.0554178,0.23221232,true,true
8,35,7,0.0,0.9941067,0.12590796,true,true
8,35,8,-3.446695E-8,1.0059819,0.3290844,true,true
8,35,9,3.446695E-8,0.95421946,0.1949124,true,true
8,35,10,0.0,0.95985067,0.2540691,true,true
8,35,11,-3.446695E-8,0.67879885,0.031025376,true,true
8,35,12,0.0,0.6770076,0.498609,true,true
8,35,13,0.0,0.27809727,0.007511441,true,true
8,35,14,0.0,0.2991129,0.57300174,true,true
8,35,15,-6.462553E-9,0.08257405,0.051573105,true,true
8,35,16,0.0,0.105879374,0.49688852,true,true
8,35,17,-4.3083688E-9,0.15437284,0.0,true,true
8,35,18,-4.3083688E-9,0.15096727,0.49115527,true,true
8,35,19,-1.0770922E-8,0.15999508,0.0019476512,true,true
8,35,20,-8.6167375E-9,0.15537758,0.44484776,true,true
8,35,21,-1.7233475E-8,0.14118356,0.055726763,true,true
8,35,22,0.0,0.13871619,0.47439867,true,true
8,35,23,5.385461E-10,0.031958755,0.31971496,true,true
8,35,24,-5.385461E-10,0.031958755,0.5939234,true,true
8,35,25,0.0,0.49387726,0.49984318,true,true
8,35,26,1.7233475E-8,0.44010636,0.76774555,true,true
8,35,27,-6.89339E-8,0.9244855,0.69617426,true,true
8,35,28,6.89339E-8,0.864701,0.9823113,true,true
8,35,29,6.89339E-8,1.0426683,0.7085566,true,true
8,35,30,3.446695E-8,0.95561266,1.0,true,true
8,35,31,0.0,0.9324677,0.5927311,true,true
8,35,32,3.446695E-8,0.8906668,0.93476295,true,true
8,36,0,0.0,1.0091069,0.1977919,true,true
8,36,1,0.0,1.0471672,0.1705932,true,true
8,36,2,4.0461465E-8,1.0452572,0.17054273,true,true
8,36,3,0.0,1.0427185,0.17039679,true,true
8,36,4,4.0461465E-8,1.0485581,0.21684845,true,true
8,36,5,-4.0461465E-8,1.0483136,0.2169019,true,true
8,36,6,0.0,1.0475315,0.21684244,true,true
8,36,7,4.0461465E-8,0.9972367,0.10891235,true,true
8,36,8,-4.0461465E-8,1.002807,0.31773525,true,true
8,36,9,-4.0461465E-8,0.94129,0.17956345,true,true
8,36,10,0.0,0.9426238,0.23936485,true,true
8,36,11,0.0,0.68080795,0.01661497,true,true
8,36,12,0.0,0.67369753,0.48295584,true,true
8,36,13,1.0115366E-8,0.28629306,0.0,true,true
8,36,14,-1.0115366E-8,0.30228207,0.5577148,true,true
8,36,15,5.057683E-9,0.06620754,0.054302115,true,true
8,36,16,6.3221037E-9,0.0995321,0.4885682,true,true
8,36,17,0.0,0.1386926,0.0057474407,true,true
8,36,18,-1.517305E-8,0.12911128,0.48424536,true,true
8,36,19,-9.167051E-9,0.14098711,0.007750096,true,true
8,36,20,5.057683E-9,0.13261199,0.44120395,true,true
8,36,21,0.0,0.121045925,0.058514915,true,true
8,36,22,-1.0115366E-8,0.12152615,0.46797347,true,true
8,36,23,1.2644208E-9,0.027255341,0.3048652,true,true
8,36,24,0.0,0.027255492,0.5780601,true,true
8,36,25,2.0230733E-8,0.48444334,0.48955038,true,true
8,36,26,2.0230733E-8,0.44153306,0.7573491,true,true
8,36,27,0.0,0.91189504,0.70487463,true,true
8,36,28,-8.092293E-8,0.86055744,0.98098075,true,true
8,36,29,0.0,1.0211034,0.71916485,true,true
8,36,30,0.0,0.9510427,1.0,true,true
8,36,31,-4.0461465E-8,0.90878934,0.5939231,true,true
8,36,32,8.092293E-8,0.8718646,0.93537945,true,true
8,37,0,0.0,1.0225526,0.21800853,true,true
8,37,1,0.0,1.0499048,0.19016787,true,true
8,37,2,4.5076856E-8,1.0479649,0.19000389,true,true
8,37,3,0.0,1.0459758,0.1899922,true,true
8,37,4,-9.015371E-8,1.0502397,0.2385473,true,true
8,37,5,0.0,1.0489428,0.23854624,true,true
8,37,6,0.0,1.0480014,0.2385476,true,true
8,37,7,0.0,0.9978101,0.12740187,true,true
8,37,8,0.0,1.0022079,0.34177405,true,true
8,37,9,-4.5076856E-8,0.95722324,0.19933479,true,true
8,37,10,0.0,0.9597071,0.26153058,true,true
8,37,11,-2.2538428E-8,0.6821081,0.023066431,true,true
8,37,12,-2.2538428E-8,0.6865226,0.5191083,true,true
8,37,13,1.1269214E-8,0.2759291,0.0,true,true
8,37,14,0.0,0.2954191,0.5907781,true,true
8,37,15,-6.338933E-9,0.06875255,0.05735215,true,true
8,37,16,-8.45191E-9,0.09448957,0.50813925,true,true
8,37,17,1.690382E-8,0.1436665,0.00420143,true,true
8,37,18,8.45191E-9,0.13063529,0.5027235,true,true
8,37,19,6.338933E-9,0.14636432,0.008808112,true,true
8,37,20,1.1269214E-8,0.1378088,0.45449835,true,true
8,37,21,8.45191E-9,0.12948541,0.0628514,true,true
8,37,22,1.1269214E-8,0.11698098,0.48448724,true,true
8,37,23,7.043259E-10,0.022837963,0.31671086,true,true
8,37,24,-1.4086518E-9,0.022837797,0.5993487,true,true
8,37,25,-4.5076856E-8,0.48337612,0.49858233,true,true
8,37,26,-4.5076856E-8,0.44863844,0.7659698,true,true
8,37,27,-9.015371E-8,0.94036233,0.71183395,true,true
8,37,28,9.015371E-8,0.88974035,0.9826336,true,true
8,37,29,9.015371E-8,1.039386,0.72525626,true,true
8,37,30,-4.5076856E-8,0.9841081,1.0,true,true
8,37,31,9.015371E-8,0.94599396,0.6037383,true,true
8,37,32,9.015371E-8,0.90798724,0.9254383,true,true
8,38,0,-4.938212E-8,1.0136902,0.22410665,true,true
8,38,1,0.0,1.0459963,0.19595765,true,true
8,38,2,4.938212E-8,1.0435076,0.19595745,true,true
8,38,3,0.0,1.0408047,0.19581486,true,true
8,38,4,0.0,1.0476648,0.24379265,true,true
8,38,5,0.0,1.0463978,0.24379386,true,true
8,38,6,-4.938212E-8,1.0452056,0.24376953,true,true
8,38,7,-4.938212E-8,0.9970891,0.13385652,true,true
8,38,8,0.0,1.0029504,0.34761944,true,true
8,38,9,2.469106E-8,0.9443619,0.20598811,true,true
8,38,10,4.938212E-8,0.94836396,0.26741475,true,true
8,38,11,0.0,0.68501264,0.03408832,true,true
8,38,12,-2.469106E-8,0.6752689,0.5207458,true,true
8,38,13,2.469106E-8,0.2896654,0.009494527,true,true
8,38,14,-1.234553E-8,0.30232915,0.5940385,true,true
8,38,15,-3.0863825E-9,0.056854166,0.05063109,true,true
8,38,16,6.172765E-9,0.07416825,0.5179131,true,true
8,38,17,-1.8518294E-8,0.13793845,0.0,true,true
8,38,18,1.0802339E-8,0.10615088,0.514344,true,true
8,38,19,-1.5431912E-8,0.13421524,0.0027679165,true,true
8,38,20,0.0,0.11330793,0.46895722,true,true
8,38,21,-5.4011693E-9,0.110780664,0.055291083,true,true
8,38,22,6.172765E-9,0.094006546,0.49582008,true,true
8,38,23,-7.715956E-10,0.026101345,0.32103097,true,true
8,38,24,-1.5431912E-9,0.026101172,0.6118349,true,true
8,38,25,4.938212E-8,0.48808226,0.48489055,true,true
8,38,26,1.234553E-8,0.44114178,0.7746684,true,true
8,38,27,-9.876424E-8,0.95970637,0.6724623,true,true
8,38,28,-4.938212E-8,0.89791065,0.9834965,true,true
8,38,29,-9.876424E-8,1.082967,0.68333036,true,true
8,38,30,9.876424E-8,0.9877528,1.0,true,true
8,38,31,0.0,0.984043,0.5609099,true,true
8,38,32,-9.876424E-8,0.9255366,0.9327278,true,true
8,39,0,2.5015014E-8,1.0139022,0.22428118,true,true
8,39,1,0.0,1.044559,0.19602194,true,true
8,39,2,0.0,1.0429878,0.19588622,true,true
8,39,3,2.5015014E-8,1.0411861,0.19582987,true,true
8,39,4,5.0030028E-8,1.0443627,0.24491762,true,true
8,39,5,-2.5015014E-8,1.0432217,0.24492478,true,true
8,39,6,5.0030028E-8,1.0422364,0.2449175,true,true
8,39,7,-2.5015014E-8,0.9983377,0.13116564,true,true
8,39,8,2.5015014E-8,1.0016792,0.3487395,true,true
8,39,9,-5.0030028E-8,0.95362395,0.20486806,true,true
8,39,10,2.5015014E-8,0.955195,0.26782754,true,true
8,39,11,-5.0030028E-8,0.70489496,0.02464726,true,true
8,39,12,-2.5015014E-8,0.6895121,0.52316326,true,true
8,39,13,0.0,0.3040848,0.0,true,true
8,39,14,-1.2507507E-8,0.30864513,0.5904721,true,true
8,39,15,3.908596E-9,0.0641928,0.056924492,true,true
8,39,16,-3.1268768E-9,0.06988954,0.5104356,true,true
8,39,17,-1.2507507E-8,0.13833195,0.004439407,true,true
8,39,18,1.2507507E-8,0.11303587,0.5062579,true,true
8,39,19,-3.1268768E-9,0.13679336,0.009190328,true,true
8,39,20,-4.1345616E-9,0.11606329,0.45824048,true,true
8,39,21,-3.1268768E-9,0.1192402,0.0625838,true,true
8,39,22,1.2507507E-8,0.09876979,0.48724538,true,true
8,39,23,0.0,0.011660001,0.30677176,true,true
8,39,24,-7.817192E-10,0.011660159,0.5969663,true,true
8,39,25,0.0,0.47292125,0.49230713,true,true
8,39,26,1.2507507E-8,0.43296307,0.76570225,true,true
8,39,27,-2.5015014E-8,0.9285084,0.6992327,true,true
8,39,28,-2.5015014E-8,0.875871,0.98276466,true,true
8,39,29,0.0,1.0295459,0.7121613,true,true
8,39,30,2.5015014E-8,0.9690737,1.0,true,true
8,39,31,1.5009009E-7,0.9386778,0.59603834,true,true
8,39,32,-5.0030028E-8,0.9008842,0.92797714,true,true
8,40,0,2.6441882E-8,1.0121377,0.22753331,true,true
8,40,1,5.2883763E-8,1.04649,0.19872999,true,true
8,40,2,-5.2883763E-8,1.0441768,0.19868419,true,true
8,40,3,2.6441882E-8,1.0416013,0.19861668,true,true
8,40,4,5.2883763E-8,1.0480629,0.24855551,true,true
8,40,5,0.0,1.0470933,0.24861176,true,true
8,40,6,5.2883763E-8,1.04619,0.24855551,true,true
8,40,7,-2.6441882E-8,0.9961156,0.13283326,true,true
8,40,8,-5.2883763E-8,1.0039097,0.3526274,true,true
8,40,9,5.2883763E-8,0.94800365,0.20773682,true,true
8,40,10,-2.6441882E-8,0.9512606,0.2718171,true,true
8,40,11,-5.2883763E-8,0.6904654,0.022899764,true,true
8,40,12,2.6441882E-8,0.6817299,0.53054136,true,true
8,40,13,-2.6441882E-8,0.28508812,5.574222E-4,true,true
8,40,14,1.3220941E-8,0.30003956,0.6015206,true,true
8,40,15,0.0,0.07366647,0.053740866,true,true
8,40,16,-3.3052352E-9,0.079660945,0.51846284,true,true
8,40,17,6.6104704E-9,0.149641,0.0,true,true
8,40,18,-1.1258457E-8,0.11652395,0.51401705,true,true
8,40,19,-1.3220941E-8,0.14668733,0.0027950378,true,true
8,40,20,-5.7841616E-9,0.12089953,0.46579784,true,true
8,40,21,0.0,0.12363694,0.05858699,true,true
8,40,22,3.3052352E-9,0.10192372,0.49506572,true,true
8,40,23,-8.263088E-10,0.019452998,0.31499484,true,true
8,40,24,-2.4789264E-9,0.019452998,0.6118156,true,true
8,40,25,-2.6441882E-8,0.49601817,0.48523498,true,true
8,40,26,-2.6441882E-8,0.45638335,0.76842916,true,true
8,40,27,0.0,0.9562529,0.6851195,true,true
8,40,28,-5.2883763E-8,0.90303195,0.98332036,true,true
8,40,29,-2.6441882E-8,1.0653623,0.69700414,true,true
8,40,30,-2.6441882E-8,0.99002105,1.0,true,true
8,40,31,7.9325645E-8,0.9796039,0.5697482,true,true
8,40,32,-5.2883763E-8,0.93270785,0.930894,true,true
8,41,0,2.616881E-8,1.0083519,0.2342591,true,true
8,41,1,2.616881E-8,1.0438305,0.20609275,true,true
8,41,2,-2.616881E-8,1.0418295,0.2061032,true,true
8,41,3,5.233762E-8,1.0394982,0.20601325,true,true
8,41,4,5.233762E-8,1.0453545,0.25524494,true,true
8,41,5,0.0,1.0447345,0.25529757,true,true
8,41,6,-5.233762E-8,1.0438406,0.25523746,true,true
8,41,7,-2.616881E-8,0.996725,0.14161968,true,true
8,41,8,7.850643E-8,1.0033132,0.3592053,true,true
8,41,9,2.616881E-8,0.94255406,0.21470049,true,true
8,41,10,-2.616881E-8,0.94543594,0.27796492,true,true
8,41,11,0.0,0.68965304,0.031906184,true,true
8,41,12,0.0,0.67663103,0.53851706,true,true
8,41,13,0.0,0.2831251,0.007310696,true,true
8,41,14,0.0,0.29424825,0.6087445,true,true
8,41,15,6.5422023E-9,0.07598453,0.054592997,true,true
8,41,16,3.2711012E-9,0.073658444,0.5229813,true,true
8,41,17,1.3084405E-8,0.15576908,0.0,true,true
8,41,18,3.2711012E-9,0.11736682,0.5179693,true,true
8,41,19,1.3084405E-8,0.15169653,0.0021622865,true,true
8,41,20,-9.813304E-9,0.12078142,0.46943557,true,true
8,41,21,0.0,0.12804824,0.059219442,true,true
8,41,22,-9.813304E-9,0.10492559,0.49926096,true,true
8,41,23,0.0,0.019067451,0.31796432,true,true
8,41,24,-1.6355506E-9,0.01906732,0.6120009,true,true
8,41,25,-1.3084405E-8,0.5103428,0.48776627,true,true
8,41,26,0.0,0.47134537,0.77079123,true,true
8,41,27,0.0,0.96810895,0.68720496,true,true
8,41,28,2.616881E-8,0.91644466,0.9834038,true,true
8,41,29,2.616881E-8,1.085106,0.6987165,true,true
8,41,30,-2.616881E-8,1.0024564,1.0,true,true
8,41,31,-2.616881E-8,1.0064569,0.5712081,true,true
8,41,32,-7.850643E-8,0.9508261,0.9233219,true,true
8,42,0,4.70572E-8,1.0015628,0.22318715,true,true
8,42,1,0.0,1.0358174,0.19547197,true,true
8,42,2,2.35286E-8,1.034926,0.19546732,true,true
8,42,3,3.52929E-8,1.0338675,0.1954314,true,true
8,42,4,3.52929E-8,1.0362016,0.24379495,true,true
8,42,5,2.35286E-8,1.0359272,0.24383299,true,true
8,42,6,2.35286E-8,1.0358334,0.243797,true,true
8,42,7,2.35286E-8,0.99798566,0.13590498,true,true
8,42,8,2.35286E-8,1.0020721,0.34957054,true,true
8,42,9,-2.35286E-8,0.94445294,0.20613022,true,true
8,42,10,-3.52929E-8,0.94743174,0.2679582,true,true
8,42,11,0.0,0.70554376,0.030088268,true,true
8,42,12,0.0,0.69316137,0.52811617,true,true
8,42,13,0.0,0.27994743,0.0052895034,true,true
8,42,14,1.17643E-8,0.29173112,0.5918895,true,true
8,42,15,-5.88215E-9,0.07094562,0.054852527,true,true
8,42,16,0.0,0.064340025,0.51223,true,true
8,42,17,0.0,0.15216692,0.0,true,true
8,42,18,2.941075E-9,0.108630225,0.50719404,true,true
8,42,19,0.0,0.14785123,0.0029544497,true,true
8,42,20,1.17643E-8,0.11498065,0.46056044,true,true
8,42,21,-1.17643E-8,0.122276224,0.05964371,true,true
8,42,22,-5.88215E-9,0.094866015,0.48958483,true,true
8,42,23,0.0,0.02068733,0.32349527,true,true
8,42,24,1.4705375E-9,0.02068733,0.6089903,true,true
8,42,25,5.88215E-9,0.49255782,0.48451895,true,true
8,42,26,-1.17643E-8,0.4622762,0.7681143,true,true
8,42,27,3.52929E-8,0.96357405,0.68672365,true,true
8,42,28,2.35286E-8,0.9026289,0.98302925,true,true
8,42,29,3.52929E-8,1.0689106,0.69873625,true,true
8,42,30,-2.35286E-8,0.9910131,1.0,true,true
8,42,31,4.70572E-8,1.014972,0.571333,true,true
8,42,32,-2.35286E-8,0.9599099,0.92299676,true,true
8,43,0,0.0,0.996457,0.23407826,true,true
8,43,1,-4.230066E-8,1.0346649,0.2077486,true,true
8,43,2,0.0,1.0336714,0.20764159,true,true
8,43,3,3.1725495E-8,1.0324805,0.20745364,true,true
8,43,4,1.0575165E-8,1.0364734,0.2566061,true,true
8,43,5,-2.115033E-8,1.036886,0.2565841,true,true
8,43,6,0.0,1.0372614,0.25660744,true,true
8,43,7,-1.0575165E-8,0.99687654,0.14587595,true,true
8,43,8,1.0575165E-8,1.003179,0.36675495,true,true
8,43,9,2.115033E-8,0.9321833,0.21583822,true,true
8,43,10,2.6437911E-8,0.93502384,0.28078088,true,true
8,43,11,-3.1725495E-8,0.70121217,0.03792881,true,true
8,43,12,2.115033E-8,0.68347204,0.5519815,true,true
8,43,13,5.2875824E-9,0.2994331,0.009711877,true,true
8,43,14,-5.2875824E-9,0.30343518,0.6259732,true,true
8,43,15,-7.931374E-9,0.07349522,0.054697216,true,true
8,43,16,2.6437912E-9,0.064094275,0.542802,true,true
8,43,17,2.115033E-8,0.16341126,0.0,true,true
8,43,18,-2.6437912E-9,0.113582104,0.53942925,true,true
8,43,19,1.0575165E-8,0.15799186,0.00248549,true,true
8,43,20,0.0,0.11668521,0.48879358,true,true
8,43,21,-5.2875824E-9,0.13036433,0.059618592,true,true
8,43,22,6.609478E-9,0.09429322,0.5183985,true,true
8,43,23,-3.304739E-10,0.011276579,0.32615617,true,true
8,43,24,3.304739E-10,0.011276478,0.6203327,true,true
8,43,25,-5.2875824E-9,0.5068703,0.49246418,true,true
8,43,26,5.2875824E-9,0.48504943,0.78065526,true,true
8,43,27,1.0575165E-8,0.9624872,0.68943113,true,true
8,43,28,-3.1725495E-8,0.9233692,0.98504364,true,true
8,43,29,1.0575165E-8,1.0596611,0.70074695,true,true
8,43,30,4.230066E-8,1.0090694,1.0,true,true
8,43,31,-4.230066E-8,1.0225017,0.56680274,true,true
8,43,32,6.345099E-8,0.9773505,0.9093596,true,true
8,44,0,-2.3175546E-9,0.9928553,0.2296418,true,true
8,44,1,5.562131E-8,1.0317336,0.2019469,true,true
8,44,2,-5.4462532E-8,1.0309483,0.20178548,true,true
8,44,3,3.4763318E-8,1.0300674,0.20174351,true,true
8,44,4,5.4462532E-8,1.0327522,0.2508848,true,true
8,44,5,3.766026E-8,1.0330896,0.25098324,true,true
8,44,6,5.7938866E-8,1.0334706,0.25096074,true,true
8,44,7,3.7080873E-8,0.9971572,0.13679633,true,true
8,44,8,-3.7080873E-8,1.0028723,0.35416093,true,true
8,44,9,3.925358E-8,0.93232924,0.21012022,true,true
8,44,10,-1.21671615E-8,0.93443733,0.27298588,true,true
8,44,11,4.635109E-8,0.7101765,0.027241424,true,true
8,44,12,-2.3175545E-8,0.68754697,0.5311819,true,true
8,44,13,-1.8540437E-8,0.29574993,0.0056229755,true,true
8,44,14,-1.8540437E-8,0.30144745,0.5983476,true,true
8,44,15,4.635109E-9,0.08340988,0.053734846,true,true
8,44,16,-4.635109E-9,0.064260095,0.51532143,true,true
8,44,17,0.0,0.16480598,0.0,true,true
8,44,18,4.635109E-9,0.12006642,0.50982946,true,true
8,44,19,-9.270218E-9,0.16107097,0.0023511618,true,true
8,44,20,-4.635109E-9,0.123404205,0.46164694,true,true
8,44,21,4.635109E-9,0.13552576,0.058448605,true,true
8,44,22,-1.3905328E-8,0.10411001,0.4919664,true,true
8,44,23,0.0,0.015958399,0.31426898,true,true
8,44,24,0.0,0.015958328,0.6080759,true,true
8,44,25,-2.3175545E-8,0.50160456,0.48348746,true,true
8,44,26,0.0,0.46750656,0.7692213,true,true
8,44,27,-4.635109E-9,0.9481854,0.6807451,true,true
8,44,28,-9.270218E-9,0.89490926,0.98346925,true,true
8,44,29,-1.3905328E-8,1.0518564,0.69213724,true,true
8,44,30,3.7080873E-8,0.97132146,1.0,true,true
8,44,31,-1.8540437E-8,1.016407,0.5636241,true,true
8,44,32,1.8540437E-8,0.95922685,0.9272477,true,true
8,45,0,-2.4423027E-8,0.9896332,0.23913883,true,true
8,45,1,1.6282018E-8,1.0290285,0.21037857,true,true
8,45,2,-2.8493531E-8,1.0286694,0.21037978,true,true
8,45,3,0.0,1.0280048,0.21036546,true,true
8,45,4,-3.663454E-8,1.0303606,0.2609566,true,true
8,45,5,-1.6282018E-8,1.0311618,0.26096264,true,true
8,45,6,5.291656E-8,1.0317618,0.26087928,true,true
8,45,7,4.7828426E-8,0.9972531,0.14641444,true,true
8,45,8,4.172267E-8,1.0028324,0.3693256,true,true
8,45,9,5.291656E-8,0.92804116,0.2201758,true,true
8,45,10,2.8493531E-8,0.93031746,0.28490472,true,true
8,45,11,0.0,0.709313,0.03500695,true,true
8,45,12,-4.0705043E-8,0.6858378,0.5533726,true,true
8,45,13,-1.2211514E-8,0.30991516,0.008418628,true,true
8,45,14,5.0881304E-9,0.3072963,0.6277057,true,true
8,45,15,-2.0352522E-9,0.074108295,0.055168696,true,true
8,45,16,4.0705044E-9,0.06017789,0.54482746,true,true
8,45,17,4.0705044E-9,0.17247607,0.0,true,true
8,45,18,4.0705044E-9,0.11783867,0.54170173,true,true
8,45,19,-8.141009E-9,0.16626906,0.0024633668,true,true
8,45,20,-1.2211514E-8,0.122832455,0.49074447,true,true
8,45,21,4.0705044E-9,0.13689835,0.060018733,true,true
8,45,22,0.0,0.09906872,0.52053124,true,true
8,45,23,0.0,0.014468075,0.3302254,true,true
8,45,24,-1.5264392E-9,0.014468323,0.62913764,true,true
8,45,25,2.804832E-8,0.5163672,0.49012345,true,true
8,45,26,2.8493531E-8,0.49484953,0.7805098,true,true
8,45,27,-4.0705043E-8,0.9859223,0.68351156,true,true
8,45,28,2.1370148E-8,0.9389816,0.98527926,true,true
8,45,29,-2.0352521E-8,1.0805721,0.6938643,true,true
8,45,30,2.0352521E-8,1.0211664,1.0,true,true
8,45,31,-6.512807E-8,1.0611949,0.5563591,true,true
8,45,32,-4.8846054E-8,1.0117042,0.9153571,true,true
8,46,0,5.6488936E-8,0.9862571,0.23379017,true,true
8,46,1,1.4122234E-8,1.0255318,0.20498931,true,true
8,46,2,2.8244468E-8,1.026102,0.2049119,true,true
8,46,3,5.6488936E-8,1.0267128,0.20477349,true,true
8,46,4,-7.061117E-9,1.0252236,0.2541708,true,true
8,46,5,4.942782E-8,1.0259185,0.25423416,true,true
8,46,6,-5.6488936E-8,1.027059,0.2542354,true,true
8,46,7,-2.8244468E-8,0.99860847,0.13809912,true,true
8,46,8,1.7652793E-8,1.0014043,0.35599455,true,true
8,46,9,4.23667E-8,0.93297994,0.21370615,true,true
8,46,10,-7.061117E-9,0.934117,0.27687925,true,true
8,46,11,2.118335E-8,0.7171994,0.028668307,true,true
8,46,12,-3.0009748E-8,0.69490665,0.5362086,true,true
8,46,13,5.2958375E-9,0.2918541,0.007153506,true,true
8,46,14,3.5305585E-9,0.29630643,0.6036933,true,true
8,46,15,-7.061117E-9,0.08800158,0.054546084,true,true
8,46,16,4.2201207E-9,0.072566755,0.52184236,true,true
8,46,17,-3.5305585E-9,0.17180295,0.0,true,true
8,46,18,0.0,0.13730158,0.5159315,true,true
8,46,19,2.118335E-8,0.17105632,0.0012815294,true,true
8,46,20,1.4122234E-8,0.14060122,0.46616146,true,true
8,46,21,-7.061117E-9,0.14556038,0.05870327,true,true
8,46,22,-1.0591675E-8,0.11989458,0.4974432,true,true
8,46,23,-2.2065991E-10,0.016540198,0.3224257,true,true
8,46,24,-2.2065991E-10,0.016539974,0.61602026,true,true
8,46,25,1.9418072E-8,0.49264836,0.4874962,true,true
8,46,26,1.7211473E-8,0.46163893,0.77198565,true,true
8,46,27,2.8244468E-8,0.9378234,0.6814655,true,true
8,46,28,3.5305586E-8,0.88831806,0.9837355,true,true
8,46,29,4.23667E-8,1.0378344,0.6924323,true,true
8,46,30,-7.061117E-9,0.96210915,1.0,true,true
8,46,31,2.8244468E-8,1.019703,0.5639086,true,true
8,46,32,4.23667E-8,0.9649516,0.9246333,true,true
8,47,0,1.3010532E-8,0.9978371,0.24820274,true,true
8,47,1,-1.3010532E-8,1.0367256,0.22025685,true,true
8,47,2,-1.3010532E-8,1.0332288,0.22001979,true,true
8,47,3,-6.505266E-9,1.0297928,0.22001879,true,true
8,47,4,4.553686E-8,1.0382286,0.26698887,true,true
8,47,5,4.553686E-8,1.0360392,0.26699445,true,true
8,47,6,1.9515799E-8,1.0344633,0.26687688,true,true
8,47,7,4.8789495E-8,0.9949109,0.15645316,true,true
8,47,8,-2.6021064E-8,1.0050895,0.36440074,true,true
8,47,9,-1.3010532E-8,0.9510604,0.23046443,true,true
8,47,10,2.6021064E-8,0.9519517,0.29099545,true,true
8,47,11,6.505266E-9,0.7608699,0.047309298,true,true
8,47,12,-3.252633E-9,0.72786134,0.55067873,true,true
8,47,13,-1.6263165E-9,0.32362297,0.02400289,true,true
8,47,14,5.590463E-9,0.32421923,0.62019414,true,true
8,47,15,-6.505266E-9,0.09237483,0.054356508,true,true
8,47,16,8.1315825E-9,0.07209161,0.5395224,true,true
8,47,17,-1.3010532E-8,0.17465624,0.0,true,true
8,47,18,6.505266E-9,0.123715304,0.5370047,true,true
8,47,19,-6.505266E-9,0.17123264,0.002398351,true,true
8,47,20,-1.3010532E-8,0.13382286,0.4880159,true,true
8,47,21,0.0,0.14703499,0.05922625,true,true
8,47,22,9.757899E-9,0.109599516,0.5160592,true,true
8,47,23,0.0,0.009018192,0.327182,true,true
8,47,24,4.0657913E-10,0.009018192,0.6199709,true,true
8,47,25,2.1142116E-8,0.51773566,0.49163145,true,true
8,47,26,1.5856585E-8,0.48012054,0.78143346,true,true
8,47,27,-3.252633E-8,0.9895368,0.6761598,true,true
8,47,28,-3.5778964E-8,0.92697,0.98517346,true,true
8,47,29,6.505266E-9,1.1000262,0.68673134,true,true
8,47,30,-1.9515799E-8,1.0055604,1.0,true,true
8,47,31,-5.204213E-8,1.0792482,0.5625701,true,true
8,47,32,-3.9031598E-8,1.0121197,0.9264104,true,true
8,48,0,-4.701786E-8,0.96490794,0.25928557,true,true
8,48,1,5.8772325E-9,1.0141768,0.22721523,true,true
8,48,2,-2.9386163E-8,1.0152212,0.22721137,true,true
8,48,3,-5.2895093E-8,1.0166385,0.2270479,true,true
8,48,4,-4.701786E-8,1.0127425,0.27918482,true,true
8,48,5,-2.9386163E-8,1.0137285,0.27927205,true,true
8,48,6,6.4649555E-8,1.0146306,0.27918977,true,true
8,48,7,5.2895093E-8,0.99688524,0.1541951,true,true
8,48,8,5.8772326E-8,1.0031165,0.38445008,true,true
8,48,9,5.2895093E-8,0.9268735,0.23831277,true,true
8,48,10,-1.1754465E-8,0.9255728,0.30479717,true,true
8,48,11,1.1754465E-8,0.7200272,0.037472595,true,true
8,48,12,-5.1425784E-9,0.69576854,0.5756476,true,true
8,48,13,1.4693081E-9,0.29772636,0.010286467,true,true
8,48,14,-8.8158485E-9,0.30051053,0.6459112,true,true
8,48,15,-1.1754465E-8,0.09016332,0.05588494,true,true
8,48,16,-2.9386162E-9,0.07018755,0.5670398,true,true
8,48,17,5.8772325E-9,0.17635223,0.0,true,true
8,48,18,1.1754465E-8,0.13347211,0.56632966,true,true
8,48,19,1.7631697E-8,0.17508505,1.05752675E-4,true,true
8,48,20,5.8772325E-9,0.13584748,0.5189767,true,true
8,48,21,0.0,0.14952298,0.059944846,true,true
8,48,22,-2.9386162E-9,0.110662386,0.5442121,true,true
8,48,23,0.0,0.006551224,0.32738033,true,true
8,48,24,3.6732703E-10,0.0065512247,0.63494736,true,true
8,48,25,-1.7631697E-8,0.5104536,0.49048924,true,true
8,48,26,1.4693081E-9,0.4868198,0.77692556,true,true
8,48,27,-3.5263394E-8,0.96831965,0.6902856,true,true
8,48,28,-5.2895093E-8,0.922276,0.9847108,true,true
8,48,29,4.701786E-8,1.0598842,0.7014214,true,true
8,48,30,-5.8772325E-9,1.003379,1.0,true,true
8,48,31,1.1754465E-8,1.0409155,0.5625368,true,true
8,48,32,-2.350893E-8,0.9938352,0.90927845,true,true
8,49,0,-4.992088E-8,0.97814494,0.22292086,true,true
8,49,1,3.744066E-8,1.0213587,0.19376603,true,true
8,49,2,4.992088E-8,1.0210736,0.19376573,true,true
8,49,3,4.368077E-8,1.0211414,0.1937627,true,true
8,49,4,-6.24011E-9,1.0226568,0.24330655,true,true
8,49,5,1.872033E-8,1.0233717,0.24334975,true,true
8,49,6,5.6160992E-8,1.0247186,0.24331182,true,true
8,49,7,-3.744066E-8,0.9974969,0.12836422,true,true
8,49,8,-1.872033E-8,1.0025493,0.3467915,true,true
8,49,9,-1.248022E-8,0.91977656,0.20356438,true,true
8,49,10,-1.248022E-8,0.9213315,0.2669039,true,true
8,49,11,0.0,0.7113941,0.020780716,true,true
8,49,12,2.3400414E-8,0.68824285,0.5301511,true,true
8,49,13,3.120055E-9,0.30265525,0.0,true,true
8,49,14,-1.2090213E-8,0.30374256,0.60501117,true,true
8,49,15,3.120055E-9,0.08382154,0.05474949,true,true
8,49,16,-4.6800825E-9,0.07321827,0.5206269,true,true
8,49,17,-1.872033E-8,0.16419369,0.0023100334,true,true
8,49,18,1.248022E-8,0.1235993,0.5169121,true,true
8,49,19,-1.248022E-8,0.16314392,0.006196562,true,true
8,49,20,1.248022E-8,0.12897542,0.4675867,true,true
8,49,21,-6.24011E-9,0.13830893,0.06026121,true,true
8,49,22,-6.24011E-9,0.10647869,0.49696964,true,true
8,49,23,0.0,0.016342018,0.3193062,true,true
8,49,24,-3.900069E-10,0.016342018,0.6159975,true,true
8,49,25,-2.0280359E-8,0.5026894,0.4789749,true,true
8,49,26,-2.3400414E-8,0.46522522,0.77386945,true,true
8,49,27,5.6160992E-8,0.9649884,0.6628369,true,true
8,49,28,6.24011E-9,0.9096125,0.9834235,true,true
8,49,29,-4.368077E-8,1.0702126,0.6731257,true,true
8,49,30,2.496044E-8,0.98744833,1.0,true,true
8,49,31,0.0,1.0458714,0.54645234,true,true
8,49,32,3.744066E-8,0.9860371,0.931552,true,true
8,50,0,0.0,0.9779341,0.23500001,true,true
8,50,1,2.1015422E-8,1.021814,0.20553446,true,true
8,50,2,4.9035986E-8,1.0213338,0.2054711,true,true
8,50,3,-2.1015422E-8,1.0211259,0.20547374,true,true
8,50,4,4.9035986E-8,1.0232519,0.25624332,true,true
8,50,5,3.5025703E-8,1.0238569,0.25624222,true,true
8,50,6,2.8020564E-8,1.0252036,0.2562398,true,true
8,50,7,-5.5603305E-8,0.99743646,0.13875464,true,true
8,50,8,8.756426E-9,1.0026028,0.36281762,true,true
8,50,9,2.1015422E-8,0.91967523,0.21514589,true,true
8,50,10,4.9035986E-8,0.9215959,0.28013623,true,true
8,50,11,-2.1015422E-8,0.7047151,0.029223613,true,true
8,50,12,2.6269278E-8,0.68623084,0.5502347,true,true
8,50,13,0.0,0.30117658,0.0027921486,true,true
8,50,14,-4.8160342E-9,0.30435708,0.6276828,true,true
8,50,15,3.5025705E-9,0.079962775,0.054140404,true,true
8,50,16,8.756426E-10,0.069965854,0.54071826,true,true
8,50,17,1.4010282E-8,0.16401397,0.0,true,true
8,50,18,-7.005141E-9,0.12460341,0.5364267,true,true
8,50,19,-1.4010282E-8,0.16030505,0.0026346452,true,true
8,50,20,0.0,0.1273519,0.4850071,true,true
8,50,21,-7.005141E-9,0.1341685,0.05919725,true,true
8,50,22,1.0507711E-8,0.10461624,0.51556945,true,true
8,50,23,0.0,0.016805185,0.32889783,true,true
8,50,24,-1.7512852E-9,0.016805155,0.63260967,true,true
8,50,25,-7.1932673E-9,0.5164726,0.49454686,true,true
8,50,26,7.005141E-9,0.48170376,0.7799532,true,true
8,50,27,-2.8020564E-8,0.9739104,0.68748707,true,true
8,50,28,1.7512852E-9,0.92962205,0.9846515,true,true
8,50,29,1.4010282E-8,1.07583,0.69827336,true,true
8,50,30,-3.1523133E-8,1.0016836,1.0,true,true
8,50,31,-2.8020564E-8,1.0616744,0.5643833,true,true
8,50,32,0.0,1.0095261,0.9193391,true,true
8,51,0,2.3548463E-8,0.97618026,0.23339789,true,true
8,51,1,4.7096925E-8,1.022919,0.2040492,true,true
8,51,2,6.27959E-8,1.021703,0.2040059,true,true
8,51,3,3.9247436E-8,1.0208185,0.20384534,true,true
8,51,4,-3.9247436E-8,1.0254749,0.25410035,true,true
8,51,5,-7.849487E-9,1.0258486,0.25417584,true,true
8,51,6,-7.849487E-9,1.0264943,0.2541042,true,true
8,51,7,3.9247436E-9,0.99687684,0.13761567,true,true
8,51,8,-5.298404E-8,1.0031962,0.35929817,true,true
8,51,9,-3.139795E-8,0.91839767,0.21374488,true,true
8,51,10,2.3548463E-8,0.9212529,0.27804238,true,true
8,51,11,-2.7473206E-8,0.70580536,0.028408106,true,true
8,51,12,1.7661346E-8,0.68801945,0.5444402,true,true
8,51,13,-3.9247436E-9,0.30761012,0.0032080335,true,true
8,51,14,1.5698975E-8,0.3112647,0.6199241,true,true
8,51,15,0.0,0.076499365,0.053450484,true,true
8,51,16,-5.8871157E-9,0.077535555,0.5353801,true,true
8,51,17,3.9247436E-9,0.15479256,0.0,true,true
8,51,18,-7.849487E-9,0.12357678,0.5315194,true,true
8,51,19,1.5698975E-8,0.15339349,0.0030370161,true,true
8,51,20,-3.9247436E-9,0.12580955,0.4822165,true,true
8,51,21,1.1774231E-8,0.12959477,0.058539275,true,true
8,51,22,1.1774231E-8,0.10436499,0.51136255,true,true
8,51,23,0.0,0.01650323,0.32650453,true,true
8,51,24,-1.7170754E-9,0.01650323,0.6275781,true,true
8,51,25,-8.340081E-9,0.50363165,0.49251646,true,true
8,51,26,-2.5510834E-8,0.46335775,0.7785639,true,true
8,51,27,3.5322692E-8,0.9441668,0.6855256,true,true
8,51,28,-1.7661346E-8,0.89647514,0.98415774,true,true
8,51,29,-1.9623718E-8,1.0472031,0.69671816,true,true
8,51,30,3.9247436E-8,0.96999156,1.0,true,true
8,51,31,4.7096925E-8,1.0295871,0.5633703,true,true
8,51,32,3.139795E-8,0.9693774,0.9232891,true,true
